Startup Name,Industry,Country,Funding Stage,Amount Raised (USD),Funding Date,Number of Employees
"Williamson, Greer and Clark",SaaS,Australia,Seed,304706,03-07-2016,386
"Bradford, Green and Miranda",Finance,India,IPO,641212096,10-08-2025,474
Kelly LLC,AI,UK,Series A,4149256,13-11-2024,220
Riggs-Wells,Health,France,IPO,940259054,03-10-2018,14
"Walters, Edwards and Welch",E-commerce,France,Seed,419487,27-12-2021,137
"Martinez, Miller and Valdez",AI,UK,Series A,4356688,15-09-2025,482
Garcia Inc,Education,USA,Series B,48615111,10-09-2017,455
"Castro, Brown and Anderson",Finance,Netherlands,IPO,246306446,26-07-2019,357
"Thompson, Orozco and Johnson",Gaming,Germany,Seed,387248,27-06-2024,214
"Drake, Nelson and Smith",SaaS,USA,Series C,171659162,21-02-2020,360
Page-Brooks,SaaS,Canada,Series B,25021898,26-01-2016,311
Perez PLC,SaaS,Canada,Series B,15381185,22-05-2021,143
Mcintyre-Gonzalez,SaaS,India,Seed,108337,05-03-2019,145
Rice-Krueger,AI,UK,IPO,603891616,02-12-2024,263
Adams-Burke,Education,Canada,Series B,32978521,17-07-2025,28
Gross-Vazquez,SaaS,France,Seed,321493,05-09-2023,120
Deleon-Morrison,Education,Germany,Seed,384290,21-04-2023,229
Hunt PLC,Finance,Australia,IPO,445137464,24-03-2020,168
"Edwards, Fisher and Johnson",AI,Netherlands,Series A,2678391,31-12-2019,255
Santiago Group,Tech,USA,Series A,1993382,28-05-2017,96
Schaefer-Walker,Education,Australia,IPO,503448862,17-07-2018,177
Schwartz-Hansen,AI,USA,IPO,915449700,05-06-2021,113
Velazquez Inc,Health,India,Seed,413097,06-10-2024,10
Davis Inc,Health,Germany,IPO,969794492,28-07-2020,399
Thornton Group,Gaming,Germany,Series A,2823288,14-02-2024,84
"Hicks, Walters and Crawford",Finance,France,Series B,30785233,09-08-2022,312
"Fuentes, Bright and Rice",Tech,Germany,IPO,452812896,08-02-2019,178
"Harris, Hicks and Martinez",Gaming,Australia,Series C,54326520,03-09-2017,373
Lowe-Lawson,Tech,India,Series A,3172004,21-12-2019,326
Hogan-Martin,Health,France,Series C,171156441,18-08-2019,105
Porter Inc,E-commerce,Germany,Seed,434321,28-01-2016,314
Salinas-Wilson,SaaS,India,Series B,20213168,23-12-2016,261
Gates-Hall,Education,USA,Series B,49164978,15-09-2022,192
"Franco, Jenkins and Davis",Health,UK,IPO,954481067,02-03-2016,219
Kelly-Perez,Tech,Australia,Series B,38022554,09-06-2022,215
Ochoa Group,SaaS,Canada,IPO,875505221,09-04-2024,70
Greer-Evans,E-commerce,Germany,Series B,31185367,26-11-2024,243
Mccarthy-Scott,Gaming,India,IPO,492204156,07-01-2023,381
Campbell PLC,Tech,UK,Series C,98229893,21-08-2023,8
Torres-Rivera,E-commerce,Australia,Series A,5487164,21-11-2023,254
Williams-Palmer,Education,France,Series C,92642917,17-03-2021,252
"Williamson, Marshall and Miller",Education,Germany,Series B,28296395,23-12-2024,124
Miller-Hunter,AI,France,Series C,195103070,04-11-2017,245
Vasquez Ltd,Education,Netherlands,IPO,772675997,17-08-2016,347
"Chase, Garcia and Collins",SaaS,USA,Seed,356895,15-11-2016,100
Kelly-Mata,Tech,Netherlands,Series C,165091418,26-12-2017,55
"Clark, Wallace and Lewis",Education,UK,Series B,33194821,06-03-2016,317
Cox-Ryan,Gaming,Germany,Series A,7873154,08-12-2021,395
Freeman Inc,Education,USA,Seed,309408,30-08-2024,253
Wright-Turner,Gaming,UK,Series C,71152189,15-05-2022,336
"Palmer, Branch and Ward",E-commerce,Canada,Series B,10273549,25-07-2023,369
Castaneda PLC,E-commerce,India,Series C,76353123,27-02-2019,274
Higgins-Smith,E-commerce,Netherlands,Series A,3587231,13-01-2019,476
Johnson-Farrell,SaaS,France,Series C,179672205,10-06-2017,401
"Gonzales, Walton and Webb",Finance,Germany,Series A,1023276,23-07-2021,349
"Green, Macdonald and Green",E-commerce,Australia,Series C,140708501,05-02-2021,438
Snyder and Sons,Finance,Canada,Series A,8186900,03-12-2017,395
Wood and Sons,Gaming,UK,Seed,460470,16-03-2021,184
Taylor-Fernandez,Gaming,Netherlands,IPO,517461857,12-07-2017,438
Richardson Group,Tech,France,IPO,518072574,03-03-2022,42
"Jackson, Brown and Francis",Tech,Canada,Series C,110010644,22-04-2017,390
"Chapman, Gilbert and Fitzgerald",Health,Canada,Seed,80717,24-10-2020,257
Smith-Arnold,Finance,India,IPO,611926058,30-07-2019,249
Peterson LLC,E-commerce,Canada,IPO,845755100,16-11-2016,241
"Larson, Norris and Moore",AI,USA,Seed,129632,09-11-2019,345
Bradford-Russell,SaaS,Canada,Seed,160404,15-06-2016,160
Snyder Ltd,Tech,UK,Series A,9605245,12-03-2021,312
"Flores, Ritter and Walker",Tech,France,Seed,420976,04-02-2024,65
Duncan Ltd,AI,France,Series B,32753106,15-02-2019,96
Smith LLC,Education,UK,Series B,17314923,06-01-2016,199
"Sandoval, Campbell and Green",Tech,USA,Series B,39116617,16-06-2021,5
"Munoz, Avery and Jacobson",SaaS,Netherlands,IPO,213927473,07-03-2023,372
Matthews-Willis,Finance,Netherlands,Series A,7874060,18-09-2020,52
"Davis, Farmer and Curtis",Health,UK,Series A,2611381,30-01-2019,360
Stark and Sons,Gaming,Netherlands,IPO,872233528,02-07-2016,319
Johnson and Sons,E-commerce,France,Series A,5856960,20-03-2024,320
Smith-Wu,Health,USA,Series B,32373997,10-03-2019,322
"Tate, Mclean and Simpson",AI,UK,Seed,334120,09-04-2022,188
Stafford and Sons,E-commerce,UK,Series C,148414162,22-01-2021,455
Nichols Ltd,Gaming,USA,Series C,128184206,01-06-2021,349
Moreno Group,Finance,France,Series B,16083786,26-08-2025,357
"Douglas, Delgado and Miller",E-commerce,Canada,Series C,58539317,20-04-2025,498
Ibarra-Meyer,Tech,UK,Series C,138166484,17-09-2018,306
Robinson Group,AI,Netherlands,Series C,109072157,23-03-2025,265
"Young, Braun and Mcdowell",Finance,Australia,Series B,49531232,21-07-2025,438
Chavez Ltd,Health,India,Series C,140656086,13-01-2025,379
Greene-Young,AI,Germany,IPO,520823899,04-06-2022,197
"Valentine, Guzman and Jones",SaaS,Germany,Series C,124299329,14-04-2025,277
Farley-Richardson,Finance,Netherlands,Series B,22297876,14-04-2020,171
"Ray, Evans and Williams",Education,Australia,IPO,941305234,05-08-2016,49
Boone-Rodriguez,Health,Australia,Series A,5217077,30-09-2016,204
Brock and Sons,Health,India,IPO,231564796,22-03-2019,136
"Curtis, Burns and Cochran",AI,USA,IPO,284177133,28-12-2021,449
"Daugherty, Santana and Bradley",E-commerce,USA,Series B,34154324,10-11-2023,66
Harris-Price,AI,UK,Series A,7410532,03-03-2018,255
Henry-Peck,Education,Australia,Series C,180698577,24-11-2019,462
Banks LLC,Gaming,Netherlands,IPO,916547613,09-01-2016,45
"Cruz, Ward and Munoz",SaaS,Canada,Seed,494110,06-01-2018,181
Sparks-Burton,Finance,Canada,Series C,148876033,07-05-2020,409
Wise-Stuart,Tech,France,Seed,157372,25-01-2021,493
Kelly-Dawson,SaaS,Canada,Series B,13866350,31-01-2025,341
Lang-Davis,Education,India,Series A,3162430,13-03-2024,317
"Obrien, Meyer and Whitehead",Gaming,India,Series B,17617184,15-06-2021,455
"Jordan, Bean and Burns",Tech,USA,Series A,9121035,15-08-2017,108
Gray-Martin,Finance,France,Series C,73194843,10-05-2018,209
Shelton Inc,Finance,India,Series C,166182317,08-03-2018,31
"Deleon, Mathis and Robinson",SaaS,India,Series B,37872070,04-01-2025,33
"Jones, Carter and Foster",AI,India,Seed,178567,22-08-2025,241
Byrd-Schwartz,E-commerce,USA,Seed,388086,11-06-2021,258
Kennedy Group,Health,Canada,Seed,274166,05-09-2021,146
"Estrada, Kelley and Carrillo",Finance,UK,Seed,318871,02-12-2022,381
Bailey-Jones,Tech,Germany,IPO,986622061,14-07-2020,289
Parker Inc,Finance,Germany,Seed,50678,27-03-2016,146
Stone and Sons,E-commerce,Australia,Series C,53869275,03-06-2020,230
"Stephens, Best and Thompson",SaaS,Canada,Series B,28294651,13-01-2018,310
"Bishop, Wilson and Gonzalez",Finance,Netherlands,Series B,39024908,24-02-2023,201
Brown and Sons,Tech,India,Series C,148231469,16-04-2017,252
Nelson-Parker,Tech,Canada,Series B,45461696,09-01-2021,133
Ellis-Cochran,Education,Germany,Series B,28443367,05-02-2020,101
"Rogers, Henderson and Ramirez",SaaS,France,Series A,3062633,16-03-2021,45
Moore-Baker,Health,Germany,IPO,916247470,01-07-2016,260
Acosta-Brown,Education,Canada,Series A,3506879,09-02-2016,132
Gonzalez-Raymond,SaaS,France,Series C,69976415,27-01-2023,172
Singh and Sons,Education,Netherlands,Series B,22540239,15-01-2023,23
Hayes Group,Health,France,Seed,223956,18-06-2020,10
Ramirez PLC,Health,Netherlands,Series A,5296779,31-01-2021,102
Price Group,E-commerce,UK,Seed,191996,16-02-2023,191
Garza-Griffin,Education,UK,Series B,20047622,19-03-2018,275
Reeves-Rivas,Tech,France,IPO,841483222,30-06-2017,130
"Parker, Miles and Huff",Health,India,Series B,47655960,01-03-2023,404
Smith and Sons,Education,Netherlands,IPO,377257561,17-02-2018,250
Snyder-Webb,SaaS,India,Series A,7487648,15-08-2021,218
Everett and Sons,Health,Australia,Series C,124525719,29-01-2016,191
"Edwards, Burton and Carson",SaaS,Australia,IPO,283239139,03-03-2025,38
"Crawford, Johnston and Everett",Finance,USA,IPO,869557948,12-10-2022,124
"Rocha, Torres and Moore",Education,Canada,Series B,36331325,28-01-2017,457
Johnson-Berry,Finance,India,Seed,153693,06-10-2021,445
Cooper LLC,Education,France,Series B,14317058,08-04-2025,56
Thompson PLC,SaaS,USA,Seed,412006,23-08-2025,277
"Salas, Miller and Ruiz",Tech,India,Series B,22301846,17-01-2020,40
Greer-Taylor,Finance,Netherlands,Seed,350434,29-12-2021,91
Wolf-Anderson,SaaS,Canada,Series B,29369320,18-02-2022,350
Fleming LLC,Gaming,India,Series C,63316823,09-11-2018,66
Miller-Watson,Education,Canada,Series B,45702831,02-08-2017,422
"Woods, Gomez and Graham",SaaS,Canada,IPO,247075552,15-06-2018,349
"Cook, Perkins and Berger",Education,France,Series B,27183917,03-11-2025,452
Sanders and Sons,Finance,UK,IPO,570368877,22-08-2024,263
Shaw-Wolf,Education,Germany,Series B,18584071,04-11-2016,37
Oneal Group,E-commerce,UK,Seed,146761,12-08-2024,10
"Schmidt, Mathews and Boone",Finance,Netherlands,Series B,34101204,06-10-2025,236
Beck-Ball,Education,Netherlands,Series A,8602589,18-05-2017,434
"Morris, May and Henderson",Tech,Australia,Series C,72497446,20-04-2022,7
Lee Group,AI,Canada,Series A,2146154,22-06-2016,425
"King, Larson and Jones",AI,UK,IPO,412280666,05-12-2017,99
Murphy-Holt,Health,France,Series A,7920973,27-03-2024,453
"Marsh, Gibbs and Carpenter",Health,Canada,Series B,14508889,29-04-2025,65
Williams-Reid,AI,India,Series A,4105436,01-09-2017,213
Baker Ltd,Education,Australia,IPO,548514222,13-04-2023,189
Jones Group,Education,France,Seed,77820,07-10-2024,343
Munoz-Esparza,AI,Canada,IPO,542188990,15-09-2021,352
Thomas-Valencia,E-commerce,Australia,Series B,48351554,01-12-2019,411
Young-Cantrell,Gaming,Canada,Series B,43081334,20-04-2020,478
Abbott Inc,Tech,India,IPO,752071506,24-05-2024,170
Phelps LLC,Education,Netherlands,Series B,21166524,05-08-2019,396
Glass Ltd,Education,India,Seed,225144,08-10-2022,412
Kerr-Tran,Education,Germany,IPO,729605641,20-04-2023,359
Brown-Miranda,Education,UK,Series B,34592957,21-09-2018,28
Allen and Sons,Finance,India,Series B,10045027,06-08-2016,394
Juarez-Woods,AI,Australia,Series A,3066783,24-04-2016,40
"Lamb, Gibbs and Turner",AI,Australia,Series A,6935410,16-02-2021,37
"Thomas, Gonzalez and Morris",Health,Germany,IPO,831048678,17-05-2016,488
Matthews-Rios,Tech,Netherlands,Seed,372378,11-05-2025,76
Torres-Williams,Health,India,IPO,821069773,20-09-2018,41
Chavez-Stewart,Education,Australia,Series B,32784848,18-08-2019,153
Parks Ltd,Education,Canada,Series B,25596692,11-06-2025,34
"Yates, Simmons and Baker",Education,France,Series B,12667611,12-01-2019,468
Huerta and Sons,Health,Australia,Seed,424919,15-12-2024,475
Brooks-Wong,SaaS,Australia,Series C,99132917,03-12-2025,451
Terry-Powell,Education,Germany,Series B,49229577,06-09-2025,282
Conner-Kramer,Education,Netherlands,Series C,142338789,01-08-2024,261
Baker-Stanley,Finance,Australia,Series C,97282704,04-10-2019,234
"Turner, Huff and Poole",E-commerce,USA,Seed,164407,05-10-2022,392
Walker Ltd,Tech,Canada,Series A,6032335,17-08-2023,286
Williams Ltd,E-commerce,Canada,Seed,489847,08-05-2017,321
Elliott and Sons,Gaming,UK,Series A,1690432,04-03-2019,331
Ramirez Inc,Tech,India,Seed,421730,06-08-2019,7
"Rivas, Chan and Brown",Gaming,USA,IPO,337012326,15-06-2020,487
Sanders-Burke,E-commerce,Germany,Series C,60774066,05-01-2019,464
Turner LLC,Gaming,Canada,Seed,125641,09-05-2023,115
"Good, Yoder and Jackson",E-commerce,Netherlands,Series B,38075399,01-05-2021,139
"Curry, Bates and Anderson",AI,Canada,Series B,39625570,22-07-2021,467
"Meyer, Munoz and Carr",SaaS,France,Series C,50460885,26-06-2025,289
Anderson Group,Health,UK,IPO,301602752,07-07-2016,114
Hamilton-Walls,SaaS,France,Series B,12802656,20-04-2023,433
Warren Inc,Finance,Australia,Seed,186575,27-11-2017,193
"Moore, Brady and Moore",Gaming,Netherlands,Series A,1142173,31-12-2019,389
Parker-Morse,Finance,USA,IPO,471355889,23-04-2022,249
Vasquez-Walters,Health,Canada,Series A,3250347,19-01-2017,158
Johnson-Barnett,E-commerce,UK,Series B,11478876,06-11-2023,285
"Ramirez, Adkins and Peterson",Finance,Australia,IPO,632745442,10-08-2018,424
"Ward, Watts and Rubio",SaaS,France,IPO,389253282,12-08-2021,470
Powell-Calhoun,Gaming,Netherlands,Series C,170187501,24-02-2019,331
Harris-Thomas,AI,USA,Seed,244055,15-08-2022,141
"Munoz, Taylor and Mason",E-commerce,Netherlands,Seed,441415,19-01-2025,299
"Rogers, Sandoval and Bullock",Tech,Australia,Series A,9255795,05-10-2023,230
Gray-Mora,Health,USA,Series B,34980399,06-01-2019,39
"Nelson, Wright and Mckenzie",AI,France,Series C,154780161,07-06-2022,243
"King, Garcia and Curry",SaaS,USA,IPO,322397916,31-07-2022,394
Griffith-Collins,AI,France,Series A,3386561,08-09-2017,442
"Stevenson, Sweeney and Bishop",Education,India,IPO,815671936,07-12-2023,100
"Davenport, Butler and Singleton",AI,Germany,IPO,228716371,25-11-2025,84
Reyes LLC,SaaS,USA,Series B,34067110,03-12-2018,56
Austin LLC,SaaS,UK,Seed,64833,03-12-2018,149
Martin-Rasmussen,AI,Germany,Seed,493049,18-07-2022,449
White Inc,Finance,Netherlands,Series C,51297917,11-02-2020,104
"Cunningham, Smith and Hoffman",Finance,Netherlands,Seed,175327,17-10-2019,331
Baldwin Inc,Education,USA,IPO,702209625,04-02-2023,114
Carroll-Gallagher,Finance,Netherlands,Series B,42929886,24-04-2016,48
White LLC,Health,Germany,IPO,328713369,11-04-2024,9
"Reynolds, Gay and Chambers",Health,Canada,Seed,444237,21-10-2019,323
Pearson-Hernandez,Health,UK,IPO,613964813,09-11-2018,450
Grimes and Sons,Education,USA,Seed,180450,21-05-2024,119
"Lane, Jordan and Carter",Health,Canada,Series B,37632662,14-07-2018,114
Boone Inc,Gaming,Canada,Series A,7302274,21-11-2024,356
Garcia-Hall,E-commerce,UK,Seed,405166,12-01-2024,23
Carr-Woods,SaaS,Netherlands,Series B,36108741,20-12-2022,333
Jackson LLC,Finance,Canada,Series A,9168744,05-08-2023,233
"Miller, Rodriguez and Silva",Health,Netherlands,Seed,89202,29-02-2024,233
"Ward, Martinez and Abbott",Gaming,Australia,Series A,1162729,03-03-2018,488
Martin PLC,Education,France,IPO,201471652,28-04-2022,37
Torres Group,Health,Australia,Seed,410375,09-12-2019,227
Wallace Inc,E-commerce,USA,Series C,104011964,24-10-2022,420
Mcknight LLC,SaaS,Netherlands,IPO,233461115,04-06-2018,431
Davis-Davis,SaaS,Canada,Series B,14466756,28-06-2019,230
"Thompson, Sanchez and Raymond",Tech,UK,Series C,53295138,17-12-2017,438
"Simmons, Byrd and Rivera",Tech,UK,Series B,16694613,24-12-2019,300
Smith Inc,Education,UK,Seed,267061,03-12-2025,138
"Mack, Walters and Taylor",Health,India,Series A,2022827,16-05-2016,203
Obrien Ltd,Tech,Canada,Series C,99148884,07-03-2025,315
"Manning, Cross and Rojas",Tech,France,IPO,253675260,08-03-2025,367
"Vaughn, Foley and Buchanan",AI,France,Series C,77733276,20-01-2019,198
Conner Ltd,E-commerce,Netherlands,Series B,21423314,17-09-2018,168
Wong Inc,AI,Netherlands,IPO,520732786,30-09-2016,237
Andrews Group,Education,Germany,Series A,1178111,05-06-2020,86
"Hernandez, Cruz and Johnson",E-commerce,UK,IPO,287400159,29-06-2018,25
Johnson Group,AI,UK,Series A,4817417,09-08-2019,84
Jordan LLC,AI,Canada,Series A,2006706,10-05-2016,419
Moore and Sons,Tech,Australia,Series B,16484644,27-12-2025,71
Miller Inc,Education,India,Seed,478715,24-04-2023,487
Vargas Group,Tech,UK,Series A,9413542,04-10-2016,166
"Lee, Wolfe and Anderson",Health,Germany,Seed,389146,28-01-2019,253
Peterson and Sons,AI,Netherlands,Series A,9343742,04-01-2020,35
Adams-Williams,Health,USA,Series A,2007980,17-03-2022,402
Estrada-Gamble,AI,Australia,Series B,17774850,13-04-2023,388
Hill-Cruz,AI,USA,Series B,40502023,07-07-2025,30
Rodriguez-Byrd,Education,Netherlands,Series B,15916609,20-11-2018,133
"Howard, Harris and Brown",Tech,India,Seed,73482,27-03-2019,374
Larson-Wilson,Health,Canada,Series A,1869271,09-11-2018,432
James-Collins,Health,Canada,Series A,5509879,24-02-2020,438
"Farrell, Patrick and Brandt",Tech,UK,IPO,995878549,12-08-2016,192
Contreras Group,Health,Australia,Series C,62249166,07-03-2017,383
Rodriguez Group,E-commerce,USA,Series B,46269142,17-11-2025,493
Garcia and Sons,Tech,Canada,Series A,1530226,07-11-2025,273
Perkins PLC,Tech,India,Series B,17693909,03-06-2024,303
Taylor PLC,Finance,USA,Series C,85503986,18-04-2024,412
Salinas and Sons,AI,UK,Seed,223193,28-12-2019,384
Hamilton LLC,Education,USA,Series C,182935848,01-01-2017,239
"Johnson, Gates and Tapia",Gaming,Netherlands,Series C,108515632,10-07-2025,192
"Vasquez, Brown and Perry",Finance,India,Series B,27915714,18-10-2025,111
"Bishop, Boone and Harmon",Tech,Germany,Series C,74093592,01-12-2022,486
Bautista Ltd,AI,Australia,Series A,2836624,26-11-2022,128
Rodriguez and Sons,Gaming,Netherlands,Series B,12031956,15-05-2017,273
Morris-Hawkins,AI,Canada,Series B,14660466,26-03-2018,401
Chan Ltd,Health,UK,Series C,185281738,06-10-2018,60
Stanley Inc,SaaS,Canada,IPO,836932957,20-03-2025,187
Jenkins-Atkinson,SaaS,USA,Seed,307116,06-04-2017,121
"Miller, Simmons and Peters",AI,USA,IPO,457321922,20-10-2021,400
Scott PLC,Gaming,Australia,Series B,28648755,07-07-2021,5
Simmons-Kim,Tech,Germany,Series A,1052792,09-03-2022,127
"Brennan, Young and Stevenson",AI,Canada,Series C,112374707,24-10-2025,499
"Davis, Anderson and Giles",E-commerce,Canada,Series A,7335471,26-08-2020,222
Woods PLC,Health,Netherlands,Series C,93509691,26-08-2016,141
Long LLC,Health,Australia,Seed,96461,13-11-2023,247
Brewer LLC,Gaming,Germany,IPO,537573458,05-02-2018,89
"Davis, Odom and Miller",SaaS,India,Seed,379349,01-06-2017,496
"Evans, Mata and Lester",E-commerce,UK,Series B,32774289,11-01-2018,196
Hanson Inc,Tech,Netherlands,Series C,150362437,29-08-2022,21
"Thomas, Berry and Carlson",Health,India,IPO,506284197,01-11-2022,36
Mendoza-Mason,SaaS,Canada,IPO,291000172,31-10-2021,19
Martin-Farrell,AI,Canada,IPO,685393082,19-09-2025,474
"Howe, Doyle and Roberts",Education,USA,Seed,387139,30-09-2018,99
"Torres, Zhang and Carlson",Education,India,Series B,15847640,13-12-2019,365
Kelly PLC,E-commerce,UK,Series C,158625019,21-05-2016,417
Ramsey-Thomas,E-commerce,Netherlands,Series B,32573750,03-12-2025,108
Spence and Sons,E-commerce,France,Series B,22834637,06-07-2024,322
Hill PLC,Education,USA,Series B,43258256,21-08-2018,415
Lopez and Sons,SaaS,USA,Series B,21702798,30-08-2025,163
"Day, Cuevas and Cameron",Finance,Australia,IPO,808840839,30-09-2024,282
Galvan Inc,SaaS,India,Series C,90977490,30-07-2023,36
Rodriguez-Smith,Tech,India,IPO,912737835,12-08-2022,400
Thompson-Madden,Gaming,Canada,Seed,114827,05-03-2025,362
Smith PLC,Finance,Australia,Series A,9140393,17-11-2020,280
Thomas Inc,E-commerce,USA,IPO,495641256,06-02-2017,371
"Davis, Stokes and Hamilton",Tech,India,IPO,587103817,11-10-2018,480
Williams PLC,Gaming,Canada,IPO,224995137,22-07-2025,352
Cole-Robles,SaaS,Australia,IPO,422687815,25-10-2023,303
Phillips PLC,Health,Netherlands,Series C,85177336,07-03-2018,69
Williams-Sullivan,Education,Australia,Series A,9022504,05-03-2023,18
"Carson, Rodriguez and Buck",Gaming,Netherlands,Seed,150351,13-06-2023,497
Williams and Sons,SaaS,USA,IPO,393413993,30-05-2020,188
Taylor Ltd,Finance,UK,Series A,4082159,08-12-2024,180
"Romero, Davis and Torres",Gaming,Australia,Series C,74968515,08-11-2019,241
Hamilton-Miller,Health,India,Series C,57892648,28-03-2025,356
Campbell-Contreras,SaaS,France,IPO,752868352,03-06-2017,281
"Gomez, Valentine and Castillo",Tech,India,Series A,4486508,09-08-2021,68
Mcmahon LLC,E-commerce,Australia,IPO,939739297,25-06-2025,486
Lewis PLC,Gaming,France,Series A,6738964,04-04-2023,363
"Flores, Bailey and Carpenter",Health,Canada,Series B,16121029,11-05-2019,152
Aguirre LLC,Tech,Australia,Series B,13416126,03-04-2022,432
"Rosario, Beltran and Dillon",Education,Netherlands,Seed,207191,12-05-2017,306
Warner Ltd,Gaming,USA,Series A,4084024,10-05-2023,14
Cox-Pollard,E-commerce,Germany,Series B,33731998,17-04-2023,289
Kim-Nolan,E-commerce,Netherlands,Series A,2954881,14-12-2023,258
Douglas PLC,SaaS,Germany,Seed,154865,21-12-2017,461
Valentine-White,Health,Netherlands,IPO,219234518,19-04-2016,303
Fuller-Powell,AI,Netherlands,Seed,117929,10-03-2022,472
Griffith-Meadows,Gaming,Netherlands,Series B,40879456,23-12-2017,463
Irwin-Jones,Tech,Canada,Seed,447331,18-03-2018,35
Curtis Ltd,AI,Netherlands,Series B,21115885,23-07-2020,389
"Smith, Anderson and Valentine",Finance,France,Series B,39885582,27-01-2025,148
"Bell, Rodriguez and Montgomery",E-commerce,Canada,Series C,102060933,16-01-2023,222
Cherry-Lawrence,SaaS,Germany,Seed,162878,07-02-2024,77
English Group,Tech,Australia,Seed,134832,08-04-2019,127
Fuller-Nelson,Tech,UK,Seed,207701,03-11-2022,288
"Levine, Jensen and Johnson",Health,Germany,Series B,12096341,31-12-2017,252
Wiley-Velez,Education,India,Seed,283454,11-10-2019,227
"Moore, Pearson and Sullivan",Education,France,Series C,156565319,13-08-2024,369
Garcia-Ford,SaaS,Canada,Series B,18792964,04-09-2022,28
"Salazar, Hickman and Jones",E-commerce,Australia,Series A,6776070,10-06-2020,321
Jackson-Parks,Gaming,France,Seed,443574,02-03-2025,62
"Chang, Hampton and Bishop",Health,UK,IPO,556240974,01-03-2024,296
Turner Inc,Finance,Germany,Series C,116229244,18-03-2020,136
Cole-Greer,AI,Netherlands,Seed,58159,07-12-2025,406
Brown PLC,AI,Australia,Seed,416638,03-12-2017,158
Burns Inc,Education,Germany,Series A,1642310,29-04-2017,246
Larson-Barnett,SaaS,Canada,Series C,86197033,13-02-2019,448
Palmer-Wilson,Finance,Netherlands,Series C,154450061,08-11-2022,225
Thompson Group,Education,Netherlands,Series A,4551177,31-05-2018,87
"Ramirez, Dougherty and Allen",Education,Netherlands,IPO,981555785,13-07-2021,114
Peterson Ltd,Gaming,Canada,IPO,673783966,03-09-2020,343
Jackson-Maxwell,E-commerce,Australia,IPO,558998116,10-12-2025,64
"Smith, Mcdaniel and Foley",AI,India,Series B,21375613,01-07-2016,464
Ward-Hernandez,Finance,India,Series C,60342338,29-06-2022,140
"Parker, Gilbert and Davis",Finance,Canada,IPO,461767963,16-05-2017,74
Landry Group,Finance,Netherlands,Series B,32977619,30-09-2024,408
Smith-Brown,E-commerce,UK,IPO,979194089,10-07-2018,194
"Woods, Hicks and Moore",AI,France,Series C,197279381,31-08-2020,117
Hernandez-Moore,Health,Germany,IPO,354136600,23-10-2019,350
"Wu, Long and Charles",AI,Australia,IPO,446316866,02-12-2016,89
Sexton LLC,Gaming,Netherlands,IPO,626248974,05-11-2019,205
Martinez-Turner,Tech,Australia,Series C,129261092,05-04-2018,291
Ford Ltd,Education,USA,Series B,13728713,15-10-2025,279
Watson-Sawyer,AI,Canada,Series C,152348236,10-02-2025,80
"Padilla, Wilcox and Ramsey",Finance,UK,Series C,130169747,24-09-2025,173
Smith-Lester,E-commerce,UK,Series C,84000595,05-02-2023,381
"Sellers, Robertson and Joseph",Health,UK,IPO,430803880,13-02-2016,80
"Mcbride, Bishop and Reeves",SaaS,Canada,Series B,14077745,16-12-2017,274
Becker-Owens,Finance,UK,Series C,136296174,18-01-2019,257
"Flores, Edwards and Wells",SaaS,UK,Series A,6553137,24-08-2017,332
"Fletcher, Marsh and White",Tech,France,Seed,219470,09-12-2020,331
Willis and Sons,Tech,USA,Series B,28863164,24-05-2017,294
Clark-Warren,E-commerce,UK,Series A,7737140,17-06-2017,482
"Smith, Schneider and Leonard",Health,Netherlands,Series C,155197531,20-04-2019,423
Gates LLC,E-commerce,Netherlands,Series C,92998613,03-07-2017,394
Stevens-Wright,Tech,USA,Series C,194843450,07-02-2019,281
"Hall, Davis and Huerta",Education,Canada,IPO,532781598,01-01-2019,151
Strickland-Miller,Tech,Canada,Series B,39451777,30-09-2021,345
Gonzales PLC,SaaS,UK,IPO,552643491,08-09-2025,75
Armstrong-Hubbard,Gaming,Germany,Seed,382693,04-11-2023,81
"Hodge, Stevenson and Weaver",E-commerce,France,Series A,4919065,05-11-2025,308
Dorsey and Sons,SaaS,France,IPO,978195913,07-06-2019,448
Duncan-Zimmerman,AI,Germany,IPO,365379035,17-12-2016,379
Chen-Rodriguez,Gaming,India,Series B,20852857,01-07-2017,487
Young-Blair,SaaS,Netherlands,Series C,107203161,05-03-2016,310
"Roach, Tran and Arnold",SaaS,USA,IPO,419579525,27-08-2025,35
"Moreno, Perry and Moses",Gaming,Germany,IPO,542703499,28-02-2022,125
Beard-Cruz,Finance,Canada,Series A,7862923,09-03-2016,469
"Arnold, Stewart and Williams",Gaming,Canada,Series A,9243732,22-04-2025,437
Wilkinson LLC,Gaming,USA,IPO,792830248,03-04-2023,291
Cunningham-Martin,Tech,UK,Series C,82989765,26-04-2016,70
"Flores, Wilson and Bell",Education,Germany,Seed,462305,01-09-2023,260
Glover Inc,SaaS,Netherlands,IPO,998839121,14-04-2019,270
Arias-Ortiz,SaaS,UK,Series C,156562154,18-09-2025,446
Olson PLC,Gaming,India,IPO,329560499,28-11-2018,447
Wright Inc,AI,UK,Series A,1053623,11-02-2025,101
English-Nguyen,Gaming,USA,Series C,176635040,11-05-2021,248
Thompson-Wilson,Health,Canada,Series B,32934690,15-08-2022,437
Mayer Inc,AI,UK,IPO,347697255,22-08-2022,84
Williams Inc,Gaming,France,Series A,4993085,20-12-2020,448
Webb Ltd,AI,Australia,Series B,11238789,15-09-2025,330
Richards-Pope,Health,Netherlands,Series C,116646711,18-01-2020,226
Stone PLC,Health,France,Seed,57681,17-05-2021,356
"Reynolds, Davies and Dunn",Health,Australia,Series B,18132362,15-12-2023,184
Carter LLC,Health,France,Series C,136442270,10-07-2022,109
Campbell-Zimmerman,Health,Netherlands,Seed,318459,13-02-2018,30
Chase-Galloway,Health,Australia,Series A,8350629,02-04-2021,184
"Campbell, Cox and Harmon",AI,USA,Series C,175249592,17-12-2025,438
"Barton, Sanders and Grant",AI,Germany,Series C,161206692,19-08-2023,284
Johnson LLC,Health,UK,Seed,400129,15-01-2016,339
"Riley, Taylor and Barron",E-commerce,Canada,Series A,5699204,20-08-2016,283
Reyes Inc,Health,France,IPO,714228590,08-03-2022,484
"Downs, Mills and Meadows",E-commerce,Canada,IPO,983532297,08-03-2017,132
Wallace-Petty,E-commerce,India,IPO,576729246,24-07-2021,81
"Edwards, Yates and Zimmerman",Education,France,Series A,8891825,10-07-2016,265
Estes Inc,Health,Australia,Series A,5847416,07-03-2022,365
Barnes-Ford,Health,UK,IPO,215142697,17-10-2018,207
Hobbs and Sons,Finance,India,IPO,527692912,24-07-2021,167
Jones-Day,E-commerce,Netherlands,Series C,100709345,18-07-2024,139
Proctor-Brown,Education,Australia,Series A,2912096,08-10-2019,40
"White, Torres and Peterson",Tech,Germany,Series A,3324082,12-05-2023,179
Hart Inc,Gaming,USA,Series B,43541848,13-09-2017,112
"Daniels, Potts and Craig",AI,UK,Series C,60021744,11-07-2020,278
Ashley LLC,Education,India,Series B,11398524,21-09-2019,34
Travis-Hale,Gaming,France,Series C,167410364,10-08-2023,223
Davis-Massey,AI,Canada,Series A,8538779,21-07-2017,241
Franklin and Sons,Education,UK,Series B,48708963,15-01-2020,41
Crawford-Lewis,Finance,UK,Series C,117225943,18-09-2021,284
Manning-Marsh,Gaming,USA,Series C,175884643,09-03-2018,283
"Snyder, Olson and Williams",Education,Canada,IPO,855039585,29-10-2023,446
Hill-Hampton,E-commerce,Australia,Series A,4246341,11-11-2022,296
Green LLC,Tech,France,IPO,498179602,04-11-2019,302
"Perry, Ferrell and Donovan",Gaming,France,IPO,509491752,26-09-2022,88
Cochran-Hayes,Health,India,Series B,30633216,05-04-2017,337
Spencer-Allison,Education,India,Series A,7562239,28-11-2025,118
"Pena, Brewer and Salazar",Tech,Germany,IPO,751262456,15-08-2017,82
Maynard Ltd,Health,Canada,Series B,24110374,18-05-2024,278
Adams Ltd,E-commerce,USA,Series B,22566744,28-02-2017,487
"Jackson, Moreno and Mccoy",Gaming,Germany,Series C,195021316,02-09-2017,132
"Huff, Sims and Franklin",SaaS,Australia,Series C,58976043,28-12-2016,121
Torres PLC,Health,India,IPO,466407344,01-01-2020,471
Ortiz-Wolfe,E-commerce,France,Series C,73447622,05-10-2022,434
"Berger, Murray and Fischer",Gaming,France,Series C,50471295,26-10-2016,254
"Johnson, Harmon and Cohen",Finance,Australia,Seed,364990,09-09-2020,45
"Simpson, Salazar and Vega",Health,USA,Series C,164032138,07-07-2019,491
"Simmons, Stephens and King",Tech,UK,Seed,375358,16-04-2020,286
Burgess-Smith,Gaming,Germany,Seed,392801,10-10-2020,378
"Ellis, Mathews and Ellis",AI,Australia,Series B,17996648,08-12-2017,383
"Rogers, Maxwell and Jones",E-commerce,Germany,Seed,243310,04-02-2017,148
"Johnson, Lewis and Perez",SaaS,Australia,Seed,395873,08-01-2021,326
Allen-Rivera,E-commerce,Australia,Series B,14529612,24-04-2021,398
Fowler-Smith,SaaS,Canada,Seed,56336,28-09-2017,270
Lawson Ltd,Education,USA,Seed,335854,16-10-2022,299
"Williams, Vaughan and Smith",SaaS,Australia,Series C,195219312,05-06-2022,457
"Williamson, Esparza and Walters",Gaming,India,Series B,30618917,25-11-2021,342
"Bowman, Church and Patel",Gaming,France,IPO,443659257,21-12-2020,420
Edwards-Knox,AI,UK,Series B,11797885,21-03-2025,108
Sutton and Sons,SaaS,France,Seed,147629,04-08-2019,297
"Jones, Stewart and Garner",AI,UK,Series B,12687523,04-02-2023,437
James Inc,Health,India,Seed,271647,14-03-2019,290
"Smith, Johnson and Martinez",E-commerce,Australia,Series B,26583431,02-02-2020,342
Rogers-Dominguez,AI,India,IPO,895291772,25-10-2019,326
"Miller, Hill and Johnson",SaaS,Germany,Series B,48816581,13-01-2023,355
"Schmidt, Jackson and Thompson",Gaming,UK,Series C,198795074,02-01-2019,5
Cline-Stafford,Education,India,Series B,28115234,10-01-2016,153
Landry LLC,Tech,Netherlands,IPO,936248043,31-10-2018,286
Newman-Mills,Gaming,UK,IPO,491022843,13-05-2025,439
Warren Group,AI,Australia,Seed,218955,06-09-2024,311
"Brown, Fields and Garza",Health,Canada,Series B,39888785,05-10-2018,374
Hull-Skinner,Health,France,Seed,476025,11-10-2024,479
"Martinez, Williams and Mcbride",SaaS,USA,Series C,61944060,20-02-2023,173
Howard-Davis,SaaS,Netherlands,Series A,8706465,03-04-2022,33
"Woodward, Morales and Barrett",Gaming,France,Series A,8119105,11-01-2024,466
James Group,Health,Germany,IPO,797040670,10-06-2022,175
"Nguyen, Clark and Jefferson",Gaming,UK,Series B,20355155,07-04-2023,482
Coleman-Perkins,Tech,India,Series B,21448726,11-07-2022,214
Anderson-Johns,AI,India,Seed,160703,23-04-2023,407
Bates PLC,Health,Germany,Series A,4948712,22-02-2021,326
Freeman Ltd,AI,India,Series A,5451082,30-10-2025,342
"White, Pearson and Patterson",Tech,USA,IPO,471556458,26-11-2017,426
Parrish Inc,Health,Germany,Series A,4211675,09-11-2018,98
Flynn LLC,Finance,Germany,IPO,287071864,13-07-2020,250
Walker and Sons,Health,France,IPO,455530323,09-12-2017,492
"Bryant, Mitchell and Vasquez",Education,USA,Seed,100329,21-06-2022,132
Stewart Ltd,Gaming,Canada,Series A,8467901,13-11-2020,37
Rich-Brown,E-commerce,Canada,IPO,523676215,04-06-2020,299
Weaver-Hays,Gaming,USA,Series C,60535117,22-10-2019,94
Marsh-Sanchez,SaaS,USA,Series C,196400904,23-10-2018,237
"Moore, Thompson and Curry",Finance,USA,Series B,13624045,27-05-2025,374
Haynes PLC,E-commerce,Australia,Series C,133507413,23-02-2025,90
Miller-Anderson,Finance,Netherlands,IPO,489759917,12-10-2018,254
Wilson Inc,Finance,Netherlands,Series A,1079477,29-09-2022,163
Klein-Cardenas,Health,Australia,Seed,140503,10-12-2022,132
Evans LLC,Tech,India,Series B,47249031,30-01-2022,423
Chandler-Davies,Gaming,India,Seed,413075,11-07-2021,132
Gonzalez-Luna,Gaming,Canada,Series B,17259121,04-08-2018,161
Burgess-Mathis,E-commerce,Netherlands,Series B,45768423,06-04-2025,466
"Moore, Lee and Beasley",AI,USA,Series A,3309003,11-09-2024,219
"Thomas, Lewis and Rojas",Education,France,IPO,766465971,05-07-2022,152
"Soto, Lawson and Harrison",AI,Germany,Series B,24948721,21-05-2018,438
Whitney Group,Tech,Canada,Series B,38897098,31-01-2023,82
"Hodges, Massey and Hardy",Tech,France,Series B,31496076,06-01-2021,270
"Blanchard, Dorsey and Gilbert",Tech,UK,IPO,410526032,10-01-2024,362
"Jones, Owens and Hodges",Tech,Canada,Series A,7679280,28-01-2018,426
"Miller, Farmer and Ramos",E-commerce,France,Series C,180742086,23-10-2020,498
Watkins Ltd,Tech,India,IPO,874476947,21-07-2018,356
"May, Kelly and Martinez",Tech,Australia,Series C,185191329,28-05-2024,209
"Vasquez, Vaughan and Garcia",SaaS,Australia,Series A,7858688,23-09-2020,96
Stephens-Martin,AI,Australia,Series C,182677921,11-12-2023,192
Dixon LLC,E-commerce,India,Series B,29132230,14-02-2018,174
Wilkinson-Harrison,Gaming,Australia,Series C,70432936,03-09-2018,419
Bell-King,Health,Netherlands,Seed,244839,04-01-2021,376
Williams-Collier,SaaS,Germany,Series A,6687012,24-08-2019,342
"Floyd, Romero and Ramirez",SaaS,USA,Series C,63064750,15-11-2016,445
Zhang and Sons,Education,France,Series B,15189991,25-10-2024,78
Bryant-Sanchez,E-commerce,Australia,Seed,354642,27-09-2020,179
Bryant Group,Finance,France,Series A,1104062,21-05-2017,320
"Mccann, Wheeler and Johnson",Tech,Australia,IPO,852743003,27-08-2016,61
"Buchanan, Mcdaniel and Prince",SaaS,India,IPO,466381751,12-01-2018,429
Thompson Inc,E-commerce,USA,IPO,483682862,19-12-2017,347
Warren PLC,Health,Germany,Series B,39044523,03-02-2020,107
Ryan-Clay,Health,USA,IPO,781990740,10-08-2023,460
Dillon-Farrell,AI,USA,IPO,746871767,28-04-2022,335
Mcdowell and Sons,E-commerce,Netherlands,Series A,2646516,26-03-2025,411
Ramirez Group,Tech,Australia,Series B,43237401,15-12-2020,267
Goodman Group,Education,USA,Series B,21500985,18-07-2020,396
Jackson and Sons,Tech,France,Series A,7583814,28-05-2020,185
"Walker, Flowers and Robinson",Tech,France,Seed,497401,06-06-2016,345
"Simpson, Morris and Dunn",Finance,UK,Series B,21197272,03-01-2026,247
Moody PLC,Education,France,Series B,11000166,09-04-2019,461
"Carter, Carter and Coleman",Education,Netherlands,IPO,618205440,08-01-2025,8
"Craig, Soto and Booth",Tech,India,IPO,559435354,08-09-2018,364
Clark LLC,Gaming,Netherlands,Series C,115094223,15-06-2016,321
Miller LLC,Finance,Canada,Seed,410761,22-06-2020,250
Bird-Richards,Tech,Netherlands,Series B,16301143,15-10-2017,48
Diaz Ltd,E-commerce,France,Seed,254158,03-05-2025,480
Lam PLC,E-commerce,UK,Series C,125332204,18-01-2020,412
"Cervantes, Gomez and Gonzalez",Tech,France,Series B,42594784,28-11-2020,80
"Young, Marsh and Ford",Health,Netherlands,Series A,7420831,19-12-2019,101
May Inc,E-commerce,France,Series A,8690831,09-02-2023,68
"Mccoy, Morrow and Nguyen",AI,India,Series A,7596792,02-03-2025,414
Mendoza-Brooks,Finance,UK,Series C,168077980,23-08-2021,452
"Mcbride, Neal and Bowman",Education,Germany,Series B,24309563,16-08-2020,486
Escobar-Hoffman,Tech,Canada,IPO,328301375,21-01-2018,103
"Hansen, Morales and Garcia",Education,UK,Series A,5785713,11-08-2016,35
Perez-Miller,E-commerce,France,Series A,8339110,01-04-2017,474
"Golden, Mccarty and Wilson",Health,Canada,Series A,7432759,08-03-2024,467
"Barker, Klein and Johnson",Finance,Canada,Series C,149891955,21-09-2019,209
Kim-James,Health,India,Series C,134116292,07-05-2023,67
Gray-Jackson,E-commerce,India,Seed,110366,21-06-2016,125
Hernandez LLC,Health,France,IPO,776860493,02-02-2024,325
"Snyder, Thomas and Castillo",AI,UK,Seed,91289,28-09-2017,372
Brown-Hogan,SaaS,USA,Series A,4261097,04-03-2023,65
Morgan-Martin,Health,India,Series C,128606424,10-06-2017,446
"Brown, Burns and Valencia",Gaming,India,Series C,184050360,07-02-2019,422
"Henderson, Mccoy and Mccall",Health,France,Series A,4983117,10-03-2017,228
"Dillon, Madden and Carney",Health,Germany,Seed,360173,04-04-2016,394
Mann-Berry,SaaS,UK,Seed,382550,19-03-2023,401
Schneider-Evans,Gaming,France,Seed,290344,27-09-2017,266
Mckinney-Cochran,SaaS,UK,Series A,8757057,08-08-2018,25
Scott-Juarez,Finance,India,IPO,431721087,08-09-2025,53
Franklin-Little,Health,Australia,Series B,26110084,14-03-2022,314
"Beard, Middleton and Mitchell",Tech,France,Series A,9648527,21-10-2023,166
Jones-Schaefer,SaaS,USA,Seed,183677,30-05-2019,101
"Cox, Fitzpatrick and Frank",E-commerce,Canada,Series A,5248149,09-10-2023,39
Soto Inc,SaaS,UK,Series A,9028372,24-04-2024,453
Anthony-Maldonado,Tech,India,IPO,997855688,05-10-2020,489
Johnson Ltd,E-commerce,Germany,Seed,152838,21-07-2018,343
"Johnson, Gonzalez and Palmer",AI,India,Series B,34371115,28-04-2024,256
"Bass, Neal and Harris",Health,USA,Series B,33229141,24-05-2018,335
"Gomez, Foster and Stanton",AI,UK,Series A,6664453,15-08-2023,41
"Manning, Phillips and Thompson",AI,Netherlands,Series A,1186419,30-08-2021,476
"Williamson, Wilson and Warren",Education,Canada,Series A,4817293,12-12-2023,423
"Banks, Martin and Hicks",Finance,Netherlands,Series B,46716497,14-07-2017,73
Hughes PLC,SaaS,Germany,Series A,3151508,10-10-2019,338
"White, Gould and Beltran",Tech,USA,Seed,191842,29-09-2022,336
Morales-Price,Finance,India,Series C,127965761,15-12-2025,311
Tanner-Dennis,Health,USA,IPO,898236769,11-01-2019,227
"Barton, Gallagher and Neal",Health,USA,Series A,4506961,18-10-2017,188
Jones-Knight,Health,Canada,Series C,150478880,23-02-2023,492
Howard LLC,Health,USA,Series C,133292175,06-01-2025,210
"Miller, Miller and Smith",Health,Australia,Series A,9122992,31-08-2025,325
"Hardin, Gonzalez and Ellis",SaaS,Australia,Series C,129458068,13-04-2023,107
"Wright, Ramirez and Hunt",Gaming,Australia,Series B,17594682,08-09-2019,144
Salazar and Sons,Health,Netherlands,Series A,4221630,06-10-2021,299
Morris-Guzman,E-commerce,India,Series C,90141146,22-11-2021,11
Mckay-Sherman,Finance,Germany,Series B,45998315,04-12-2020,360
Barnes Group,Health,Germany,Series B,28246333,20-07-2024,485
"Baker, Williams and Adams",Finance,India,Series B,29988465,29-06-2022,247
"Randolph, Monroe and Craig",Education,Canada,Seed,236326,22-12-2023,403
"Anderson, Benson and Morales",E-commerce,Canada,Series A,3610362,08-05-2021,34
"Jones, Compton and Cook",Education,India,Series C,160643653,27-01-2018,382
"Moore, Walton and Pearson",E-commerce,France,Series A,1408726,15-01-2022,359
Lewis-Whitaker,E-commerce,Australia,Series B,11863614,09-03-2025,146
Lawson and Sons,SaaS,Netherlands,IPO,267967978,25-08-2025,330
Perez LLC,E-commerce,India,Series B,23923364,10-02-2023,333
Brady Ltd,Gaming,Netherlands,Series C,184115729,26-07-2019,293
"Walker, White and Price",Education,UK,Series C,98467214,26-04-2017,116
Roman-Brooks,SaaS,UK,IPO,313801151,31-10-2019,321
"Raymond, Ferguson and West",SaaS,Germany,IPO,683731251,30-07-2025,102
Chavez-Harris,Education,USA,IPO,635591258,27-06-2021,225
Preston-Glass,E-commerce,Australia,Series C,109479045,12-09-2023,336
Torres-Martin,SaaS,Canada,Series C,185035859,25-06-2022,14
"Clarke, Rogers and Sanchez",Gaming,Germany,Seed,349027,18-06-2016,78
Velazquez and Sons,Tech,Netherlands,IPO,539840104,31-05-2025,85
"Ortiz, Gray and Roberts",AI,Netherlands,IPO,984211627,03-11-2021,494
Crawford LLC,Education,Germany,Series C,92216765,25-06-2018,146
"Schmidt, Davis and Wallace",Education,Germany,Seed,355512,20-12-2017,498
Ellis-Martinez,Finance,Netherlands,Series B,36943710,27-11-2021,28
Santana Ltd,AI,Netherlands,IPO,398617345,29-01-2017,143
Davies-Garcia,Finance,USA,IPO,333261604,17-06-2019,391
Henderson-Williams,Tech,UK,Series A,9126973,03-10-2024,28
Young-Torres,E-commerce,UK,Series C,152353386,02-07-2021,70
Smith-Larson,AI,Germany,Series A,2375159,03-08-2025,8
Stark-Miller,Education,France,Series C,175020607,29-06-2017,343
Torres Inc,Education,UK,IPO,350222258,31-07-2022,287
Solis-Hernandez,AI,Germany,Seed,272597,15-07-2020,203
Bradshaw and Sons,Education,Germany,Seed,444546,17-02-2022,195
"Velazquez, Shaw and Leon",Education,Canada,Seed,482504,12-03-2025,319
"Evans, Tate and Harris",Health,Australia,Series B,37403527,07-06-2018,477
Huff LLC,AI,India,IPO,471292301,18-07-2016,300
"Leonard, Reynolds and Barnes",Health,Australia,Series B,23768947,13-05-2020,281
"Ford, Wood and Norton",Education,Netherlands,Seed,70117,08-04-2022,162
Ward LLC,Tech,India,Seed,163968,20-04-2025,497
"Robertson, Davis and Hurst",Gaming,Canada,Series B,26746231,05-07-2018,109
Clark Group,Finance,Canada,IPO,819124269,13-03-2019,239
"Henry, Bridges and Mendoza",SaaS,UK,Series A,4230981,09-01-2018,281
Flowers Inc,AI,Australia,Series B,40484698,01-01-2024,85
Williams Group,Tech,Australia,Series B,24643103,14-10-2021,242
Rosales-Meyer,Education,Germany,IPO,645890519,02-08-2025,397
"Mata, Sanchez and Cole",E-commerce,Australia,Series A,5262904,25-04-2019,256
"Hughes, Hutchinson and Fischer",AI,USA,Series A,2338616,26-05-2021,200
Adams-Roberts,Education,India,Seed,342292,09-03-2025,94
"Marshall, Barton and Young",Education,USA,Series A,4562535,15-04-2017,341
Kennedy PLC,Tech,Germany,Series C,191962737,11-12-2019,196
Williams-Smith,Tech,UK,IPO,309122894,08-06-2020,315
Spence-Marquez,Finance,Canada,IPO,748659015,30-05-2018,192
Giles Inc,Education,India,Series B,21399089,13-11-2024,108
Griffin-Nguyen,Finance,Canada,Series C,111717745,21-01-2021,283
Dawson Inc,Finance,India,IPO,437298831,21-04-2022,291
Guerra-Allen,Education,USA,IPO,373206102,01-05-2020,386
Livingston-Villegas,Health,India,Series B,37399332,29-06-2024,309
Robinson-Bush,AI,UK,Series C,114697873,18-10-2022,321
Smith-Berry,SaaS,UK,Series C,93252458,09-07-2016,500
"Burnett, Nelson and Maynard",E-commerce,UK,Seed,176348,23-03-2016,141
"Martin, Day and Hayes",Education,Germany,IPO,761747794,20-02-2022,352
Zuniga-Adams,Finance,India,IPO,956325842,28-02-2016,250
"Bradley, Cortez and Smith",SaaS,Canada,IPO,895891600,05-08-2025,391
Vargas-Turner,AI,UK,Series C,74018799,07-06-2019,177
Johnson-Perry,Education,UK,Series B,24307433,20-11-2018,277
"Brown, Floyd and James",E-commerce,France,Series C,125517999,18-02-2023,421
Kim LLC,Tech,India,Series C,197327952,13-02-2023,477
"Ellison, Gomez and Romero",Gaming,Canada,Seed,141555,12-03-2018,70
"Lucas, Duncan and Lewis",Education,UK,Series B,34514107,02-12-2019,317
Oconnor-Stevens,Tech,UK,IPO,490532539,13-07-2024,452
Marsh-Mason,SaaS,USA,Series B,29195835,20-11-2024,384
Hernandez Ltd,Finance,USA,Series C,57778623,17-06-2020,190
"Wagner, Neal and Miller",Gaming,India,Series B,30374887,30-11-2019,450
Rice Inc,Finance,Canada,Series A,4775336,13-06-2025,136
"Meyer, Nunez and Sloan",AI,UK,IPO,339070819,30-12-2019,74
Roy-Woods,AI,Germany,Series B,25349107,15-10-2020,259
"Sanchez, Powers and James",Tech,Australia,Series C,189454957,05-11-2023,47
"Taylor, Bates and Myers",Education,USA,IPO,999966985,06-06-2018,174
"Perry, Scott and Malone",SaaS,Australia,Series C,63906464,04-08-2023,115
"Medina, Walton and Carpenter",Gaming,France,Series B,43068061,08-02-2022,95
Ford-Ayala,Gaming,Australia,Series C,130356204,25-08-2020,125
Lewis Group,Finance,France,IPO,318360402,25-07-2019,430
Briggs and Sons,AI,USA,IPO,364568955,05-09-2024,418
Gonzalez-Watts,AI,Germany,IPO,395547886,25-03-2021,494
Young-Gardner,Health,India,IPO,539399411,22-06-2025,27
Gill-Melendez,E-commerce,USA,Series C,71155517,20-08-2020,294
Brown LLC,Tech,France,Series B,44467138,28-10-2020,204
Alvarez Group,E-commerce,USA,Series A,8673568,18-04-2021,80
Griffin-Hanson,SaaS,India,Seed,167992,18-02-2020,246
Ellis and Sons,Tech,Germany,Series B,47834274,21-05-2018,212
"Russo, Juarez and Bailey",AI,Germany,Series C,95755762,11-02-2016,115
"Sparks, Williams and Boyer",Tech,Netherlands,IPO,861945949,15-09-2024,295
"Schmitt, Smith and Huffman",Education,India,Series B,20657335,10-11-2025,328
Smith-Gonzalez,Education,Canada,Series C,167939768,01-06-2022,407
Johnson-Davis,Tech,USA,Series B,21037409,10-02-2021,7
Brooks and Sons,AI,Germany,IPO,810016040,28-08-2019,435
Ferrell-Hutchinson,Finance,UK,Series B,44560499,22-04-2024,415
Guerra PLC,SaaS,USA,Series B,10131436,20-01-2025,420
"Joyce, Rhodes and Gordon",SaaS,Australia,Series C,139631738,04-12-2017,100
"Hansen, Best and Lopez",Finance,India,Series B,38894939,26-06-2019,52
"Mcintyre, Bell and Young",Health,India,Series A,8488633,27-02-2018,453
"Alexander, Wilson and Fowler",SaaS,Netherlands,Series C,130598477,27-06-2016,369
"Hudson, Carroll and Perkins",Gaming,UK,IPO,643165862,09-09-2016,118
Oconnor-Mccarthy,Gaming,Canada,Series A,3715414,08-05-2023,455
Andrews LLC,SaaS,Australia,Seed,100327,13-08-2020,59
Martinez-Barber,Education,USA,Series A,9596132,04-06-2017,430
Martin-Chang,SaaS,Netherlands,Series C,177290303,09-05-2023,102
Wilson PLC,E-commerce,USA,Seed,359478,30-12-2023,456
"Jones, Owens and Phillips",Health,UK,Series C,189945129,12-02-2021,132
Pena-Taylor,SaaS,UK,IPO,460237956,02-02-2019,159
"Brewer, Evans and Mercado",Education,Germany,Series B,47135599,27-03-2023,235
"Gomez, Sanders and Green",Tech,France,Series A,8403625,15-02-2017,92
Hansen-Davis,Health,UK,Series B,10138915,14-11-2025,36
Vega LLC,Education,Australia,Seed,418393,04-07-2020,213
Phillips-Wright,Gaming,France,Series B,31638188,15-11-2020,454
Sanders-Cook,SaaS,USA,Seed,401092,25-03-2016,351
King-Lowe,Gaming,Australia,Series B,14562043,06-03-2019,110
"Morris, Baker and Lee",Finance,USA,Series A,2430068,13-02-2020,19
"Wolfe, Harris and Davis",E-commerce,USA,IPO,941059640,30-12-2022,179
Cameron PLC,Health,Australia,IPO,261018853,13-02-2024,20
"King, Smith and Butler",Tech,France,Series C,130218114,21-12-2023,221
Hayden LLC,Health,Netherlands,Series C,177797148,24-06-2019,380
Rodriguez-Garner,SaaS,India,IPO,231033589,12-02-2022,40
"Riley, Smith and Moss",AI,USA,Series C,62291677,21-12-2017,294
Higgins Ltd,Gaming,Germany,Series C,50295499,10-12-2016,223
Tran-Marsh,Education,France,Series B,45043155,05-08-2021,33
Gomez Group,Education,UK,IPO,772909919,08-10-2024,260
Reed Group,Health,Canada,Series B,31059686,29-03-2025,201
Black and Sons,Tech,France,Series B,13285922,19-01-2017,408
Meza Ltd,AI,Netherlands,Seed,466859,03-02-2017,38
"Howell, Johnson and Ramirez",Finance,Netherlands,Series B,16123415,12-01-2023,241
Clark-Torres,Gaming,Canada,Seed,189313,04-03-2018,346
"Rangel, Davis and Warner",AI,France,IPO,603570461,27-08-2022,247
"Dean, Hudson and Johnson",E-commerce,UK,Series A,3699003,24-08-2022,460
"Short, Stewart and Johnson",Finance,France,IPO,836993155,18-07-2019,349
"Phillips, Bruce and Perez",Finance,USA,Series C,68517537,17-05-2025,480
"Robinson, Andrade and Mueller",Finance,Germany,Series C,158340206,08-05-2017,286
Freeman-Fleming,Gaming,Australia,IPO,637218548,27-09-2021,88
Frye LLC,E-commerce,Germany,Series A,2388795,12-06-2018,309
Benson-Roberts,Education,India,Seed,330956,04-10-2018,254
"Gilbert, Cobb and Osborne",SaaS,Netherlands,Series B,22023875,22-06-2024,460
Palmer-Wagner,Finance,Canada,IPO,649226296,02-05-2016,117
"Murphy, Guerra and Mcmahon",Gaming,USA,Series C,168957510,15-09-2018,260
"Burns, Johnson and Schmidt",SaaS,USA,IPO,702746258,29-01-2023,450
Ford-Willis,AI,UK,Series A,2727783,08-03-2023,470
Henson-Smith,E-commerce,Netherlands,Series A,1840516,15-06-2023,451
Dunn Group,AI,Germany,Seed,128976,16-09-2019,336
Guzman and Sons,Gaming,Netherlands,Series A,1267816,25-01-2025,417
"Kirk, Ortega and Campbell",AI,Netherlands,Seed,63841,27-12-2024,87
Bennett-Burgess,Education,France,Series C,55613463,25-10-2023,382
Singleton-Adams,Tech,UK,Series B,12128814,26-12-2016,382
Savage-Green,Gaming,France,IPO,956844629,26-10-2024,221
"Dunn, Gutierrez and Mathis",Gaming,Germany,Seed,196920,10-02-2022,118
Watson PLC,Education,Canada,Seed,185888,16-03-2025,42
"Collins, Peterson and Christensen",Finance,USA,Series A,7775966,07-11-2019,377
Harris Group,Finance,Germany,IPO,479452112,17-06-2022,478
Pearson-Stewart,E-commerce,UK,Series A,9497369,24-10-2024,87
Brooks-Hanna,AI,UK,Series B,39705507,10-07-2020,45
Booth-Wallace,E-commerce,Canada,IPO,858684411,25-08-2020,85
Ross-Campbell,SaaS,UK,Series A,3832749,25-12-2021,446
Brown Inc,Health,Australia,Seed,156848,19-05-2024,292
Hamilton Group,SaaS,USA,Series A,6424306,07-12-2025,471
Rasmussen PLC,Finance,India,IPO,262971330,22-05-2020,360
Shepard and Sons,E-commerce,Australia,Series A,6308208,03-05-2025,64
Vaughan-Brooks,AI,Netherlands,Series A,8806817,06-01-2019,24
Wilkins and Sons,Gaming,Netherlands,IPO,244628922,03-06-2021,387
"Wright, Ramirez and Gay",SaaS,Netherlands,Series C,94561330,25-10-2019,175
"Sanders, Morse and Morgan",Health,Canada,Series C,195603207,01-10-2025,352
Olson-Smith,Education,Australia,Seed,419458,11-01-2023,430
Perkins-Smith,Education,Canada,Series A,2724096,12-03-2020,6
Scott-Taylor,Gaming,Netherlands,Series B,22280925,10-02-2021,464
"Chavez, Blair and Sanders",Tech,Australia,Series C,154209563,26-10-2025,273
Hall-Shepard,SaaS,UK,Seed,147770,07-09-2021,416
Orr-Jensen,Finance,Australia,Series A,6174658,05-10-2020,165
Jones-Smith,SaaS,India,Series A,6992269,15-10-2024,332
"Watson, Simmons and Carlson",SaaS,France,Series A,5623715,28-03-2017,358
Dominguez Inc,E-commerce,France,Series A,4211197,07-10-2021,179
Le-Hutchinson,Finance,UK,Series C,88187336,20-12-2023,249
Espinoza Inc,E-commerce,France,Seed,203693,13-09-2025,82
Simon-Davis,E-commerce,India,Series B,32975204,22-10-2023,310
Martinez PLC,SaaS,India,Seed,347565,23-08-2023,6
Wang Ltd,Finance,Canada,Series B,26679516,08-05-2020,426
Gomez-Guerrero,Tech,UK,Series B,45267957,17-02-2017,302
Jordan-Middleton,E-commerce,France,Series B,12783700,17-04-2018,290
"Rivers, Butler and Gonzalez",Education,India,Series A,8781005,01-11-2017,11
Kim-Rivera,SaaS,Australia,Series A,6974894,20-08-2016,36
"Bryan, Mclaughlin and Morgan",Tech,USA,Seed,123092,22-09-2023,292
Orozco LLC,E-commerce,USA,Series B,38277476,13-09-2022,442
Cisneros-Austin,AI,Australia,Series C,123461563,16-12-2018,376
Neal-Estes,AI,USA,Series A,1902522,05-05-2025,187
Casey-Taylor,Gaming,Australia,Series B,37307404,29-01-2025,270
Williams-Mccann,Gaming,Netherlands,Seed,283484,10-09-2023,90
Lopez-Jackson,Gaming,USA,Series C,70319908,08-04-2025,268
Harris-Delacruz,Gaming,Germany,Series C,62431724,16-07-2017,479
"Merritt, Davidson and Garcia",Finance,France,Series C,143283409,26-09-2016,447
Estrada Ltd,Tech,Australia,Series A,3484443,23-06-2023,482
Valencia Group,Education,Netherlands,Series B,18778817,30-08-2025,217
Tyler-Bennett,Tech,UK,Series A,5119766,12-01-2019,148
Dixon PLC,AI,Germany,Series C,151848008,18-05-2016,40
Jackson-Roberts,SaaS,USA,Series A,9953206,24-09-2020,162
Smith-Williams,Finance,Germany,Series A,9642237,31-05-2022,176
Ross PLC,Health,UK,Series C,155112741,03-05-2017,34
"Nguyen, Erickson and Stone",Gaming,UK,Series B,21329545,03-05-2016,266
Mcbride PLC,Health,Canada,Series A,1790550,24-07-2017,95
Blake-Olsen,Health,Netherlands,Series C,108194768,13-04-2016,239
Riddle-West,Tech,Australia,Series C,70399398,08-06-2020,499
Butler-Price,Tech,France,Series C,60320036,31-12-2019,296
Mcintyre Inc,SaaS,Australia,Series A,9592917,17-12-2025,31
Rodriguez Ltd,Education,France,Series B,30973989,08-12-2022,335
"Wall, Poole and Martinez",E-commerce,India,Series B,47416183,03-08-2017,217
Harvey-Cruz,Education,France,Series C,127119492,14-07-2021,65
Reynolds-Hayes,Gaming,Netherlands,Seed,491798,09-05-2023,62
"Duarte, House and Foster",Gaming,Australia,IPO,662206620,09-04-2023,114
Wilson Group,Finance,France,IPO,986753685,19-07-2021,441
Walter and Sons,Finance,Australia,Series C,60872663,06-12-2021,176
Brown-Hamilton,Education,Australia,Seed,65434,14-04-2024,289
"Hamilton, Martin and Garrison",Tech,Canada,Series B,16374337,08-10-2017,352
Whitaker Inc,Health,India,Series C,80540776,21-10-2016,314
"Santiago, Howell and Lewis",AI,France,Series C,176629840,30-03-2019,84
Bell LLC,Finance,India,Series A,1213482,20-05-2025,290
Smith-Michael,Tech,Germany,Seed,154802,02-12-2024,422
"Osborne, Ortiz and Hutchinson",Gaming,France,Series A,5784593,21-07-2016,307
Blair Inc,E-commerce,Australia,IPO,251453924,19-05-2025,128
"Andrews, Mathews and Jones",E-commerce,Netherlands,Seed,171896,27-09-2017,121
Phillips-Perez,Finance,USA,IPO,713613103,19-11-2016,196
Cardenas-Hamilton,Education,France,Series C,161962803,25-11-2025,290
Baldwin PLC,E-commerce,Australia,Series B,47435141,04-03-2018,403
King and Sons,Education,Australia,IPO,848802531,08-03-2019,20
Stark PLC,Health,UK,Series C,190765722,14-01-2023,370
Meyer Ltd,Tech,Netherlands,Series A,3706470,23-12-2020,222
Stevens-Carlson,AI,Germany,Series C,136290134,24-06-2020,174
Hill-Roberts,Gaming,Germany,Series B,25739608,26-01-2019,9
Mccormick-Johnson,AI,France,Seed,320042,16-01-2016,283
Cox Group,E-commerce,India,Series C,132771070,14-01-2019,113
"Gonzalez, Young and Miles",AI,UK,IPO,381089316,07-02-2018,494
Jones-Strong,SaaS,Netherlands,Series A,1123586,02-09-2018,232
Barnes-Johnson,E-commerce,India,Series C,141496973,23-03-2025,259
Day LLC,Finance,Netherlands,Series B,10838358,11-09-2019,387
Green and Sons,Health,UK,Series C,99349010,29-03-2024,468
Perez-Short,Education,Canada,Series B,25100233,02-11-2020,327
Medina LLC,AI,Germany,IPO,565056977,03-05-2019,346
Howard-Martin,E-commerce,India,Series A,4179977,04-05-2018,15
Dyer-Wilson,AI,France,Series A,5316508,15-09-2022,233
Hall-Ross,E-commerce,India,Seed,430438,05-05-2017,400
Johnson-Wright,Gaming,Germany,Series C,77779747,10-05-2020,179
Simpson-Patrick,Tech,Canada,Series A,6094240,12-09-2023,480
Blackwell-Little,Tech,Australia,Series C,97078827,15-02-2017,80
"Anderson, Roman and Turner",Gaming,Canada,Series B,48868976,22-04-2018,105
Miller-Rivera,Gaming,Netherlands,IPO,349757306,30-12-2024,46
Bell-Walker,AI,Canada,Series A,8414518,03-08-2016,276
"Horne, Fox and Harrison",E-commerce,Germany,Series A,7081348,30-12-2021,496
Pope Ltd,SaaS,France,IPO,709606242,15-05-2020,98
"Ortiz, Lee and Gibson",Finance,Netherlands,IPO,605903290,06-02-2021,189
"Martinez, Randall and Mckenzie",Education,Germany,Seed,429016,17-02-2016,200
Murphy-Lewis,Gaming,UK,IPO,261937503,12-02-2021,174
Harper-Townsend,E-commerce,France,Series A,2240075,23-05-2018,176
"Davis, Hawkins and Garcia",Tech,Netherlands,IPO,413687725,11-11-2022,149
Hayes LLC,Gaming,Australia,Series B,39887792,19-11-2020,209
Hernandez-Hodges,Education,France,IPO,205140921,20-10-2016,392
"Hoover, Clark and Jimenez",E-commerce,Canada,Series B,25414357,23-11-2024,46
Cox-Hernandez,Education,USA,Series B,38185725,29-11-2023,225
Warren-Snyder,Finance,UK,IPO,832906544,05-01-2018,216
"Martin, Martinez and Jackson",Education,India,Series A,1507919,08-05-2019,403
Miles and Sons,AI,India,IPO,224924230,01-09-2022,68
Carter-Jones,E-commerce,Germany,Seed,87572,03-09-2021,213
Mccarthy-Parker,Finance,USA,Series C,140391660,30-09-2020,441
Garcia-Perry,AI,Germany,IPO,901050726,01-06-2025,346
Smith Group,Tech,India,Series A,7232971,05-09-2020,127
Pena Ltd,Gaming,UK,IPO,758938775,10-06-2017,24
"Key, Mitchell and Becker",AI,Netherlands,Series B,14045852,07-08-2020,361
Lin Inc,Education,UK,Seed,157556,26-09-2018,447
"Reilly, Pham and Nelson",AI,Netherlands,Series A,6819208,24-10-2022,136
Jackson-Smith,AI,Australia,IPO,229095899,16-04-2016,474
Lopez Group,Finance,France,Series B,32346561,11-02-2016,486
"Palmer, Sherman and Bass",Finance,UK,IPO,451831504,23-06-2016,31
Bruce and Sons,Health,UK,Series A,8967797,08-02-2019,430
Byrd PLC,SaaS,Germany,Series B,13970643,06-06-2025,203
Mcdaniel-Wilson,Gaming,India,Series B,33741485,03-06-2019,255
"Williams, Buck and Miller",Education,India,IPO,943849968,09-04-2019,329
Johnson-Barnes,SaaS,France,Series A,2376733,21-03-2018,329
Hart PLC,Finance,India,Seed,333047,03-10-2022,277
Lee Ltd,Tech,France,IPO,481771034,27-03-2020,134
"Bishop, Williams and Hale",E-commerce,India,Seed,429444,13-11-2024,341
Lopez-Esparza,Gaming,UK,IPO,427798573,26-11-2018,410
Hale-Curtis,Education,Canada,Series A,4170636,31-07-2021,162
Tucker-Ellison,Tech,USA,Series C,152111783,21-03-2022,220
Foley LLC,AI,Germany,IPO,339319038,07-03-2023,95
Sims-Bentley,Gaming,France,Series A,3315674,07-05-2021,266
Castro-Lewis,Tech,UK,Seed,341737,23-08-2021,57
Moore LLC,Education,France,Series B,36750615,10-07-2020,5
Harrington-Burch,Finance,Australia,Series A,6831151,14-04-2021,175
"Murphy, Wilson and Fischer",Finance,Germany,Series A,1364067,16-03-2021,299
Peterson-Duncan,Education,Canada,Series B,45124392,16-05-2017,107
Sawyer and Sons,AI,Netherlands,Series A,3992929,21-12-2024,17
York Group,AI,France,Series C,106822557,06-01-2022,94
"Roberts, Beck and Hernandez",SaaS,India,Series B,33433866,11-07-2020,442
Wood PLC,Education,Netherlands,Series C,160381897,09-10-2018,166
Carlson-Rose,E-commerce,Canada,Series B,18254933,16-10-2025,494
Meyer-Williams,Education,Netherlands,Seed,258280,15-10-2022,457
"Flores, Grimes and Carlson",Education,Australia,Series C,118002316,27-04-2024,12
Campbell Inc,Finance,USA,Series A,2734388,06-10-2017,398
"Walker, Buckley and Bird",Finance,UK,Series A,6311865,30-06-2019,385
Adams Inc,Health,UK,Series C,144893173,20-12-2022,159
Williams-Gonzalez,E-commerce,France,Seed,336643,29-07-2021,317
"Ortega, Mosley and Valdez",Gaming,Germany,Series A,2035813,31-05-2021,420
Lopez-Benton,Tech,USA,Seed,340101,16-06-2019,53
Bailey-Oliver,Education,Canada,IPO,394492785,31-03-2018,31
Morales PLC,AI,UK,Series C,97798553,13-07-2022,173
"Dawson, Hill and Cooper",Tech,Australia,Series C,175357141,22-12-2018,209
Potts-Newman,E-commerce,Germany,Seed,189034,26-07-2016,234
"Jarvis, Kim and Walker",Tech,Canada,Series B,13664370,07-09-2021,478
"Myers, Cook and Miller",Tech,Australia,IPO,847287132,19-11-2025,108
"Gonzalez, Ochoa and Sims",Health,India,Series A,2783232,06-07-2024,373
"Berry, Coffey and West",SaaS,Germany,IPO,568855003,15-07-2018,127
Johnson-Moore,Education,France,Seed,357530,16-07-2016,186
"Martin, Odonnell and Wolf",Health,Netherlands,Series C,70226969,14-04-2016,7
Santos-Weber,Health,India,IPO,218530529,22-01-2020,157
Calderon Inc,Finance,Canada,Series B,41787065,30-12-2021,34
Greene LLC,SaaS,USA,Series C,100242846,29-06-2020,478
Powell Ltd,Education,Netherlands,Series A,4911983,20-06-2022,172
"Levy, Gonzalez and Jackson",SaaS,Australia,Seed,237826,16-05-2016,81
Bullock Ltd,Tech,Australia,Series C,154998747,07-08-2019,87
Barker Group,Finance,Canada,Series C,102875596,04-08-2022,193
Moreno-Bell,SaaS,India,Series B,49784901,17-01-2024,253
Gonzalez-Robertson,SaaS,USA,Seed,430427,19-12-2016,52
King Group,Tech,Netherlands,Seed,126757,06-06-2018,209
Mckinney LLC,Education,France,Series A,3371464,29-04-2023,133
Smith-Watson,SaaS,Germany,Series A,4312493,30-03-2023,135
Werner Group,Education,France,Seed,134026,17-06-2025,73
Brown-Evans,Health,Australia,Series C,195896859,07-03-2021,474
Lawson Inc,E-commerce,UK,Series B,42006772,29-01-2017,106
Hernandez-Hill,Education,Canada,Series C,107690942,12-12-2018,42
Ramsey-Lloyd,Finance,USA,Seed,386531,24-07-2020,124
Krause-Holmes,Gaming,Australia,Seed,354625,06-01-2017,322
"Rodriguez, Johnson and Dixon",Health,UK,Series B,13740551,09-03-2017,410
Johnson-Miller,Health,USA,Series A,4790238,12-04-2018,444
"Collins, Wheeler and Marquez",Education,Canada,IPO,809610567,11-09-2018,75
"Hoffman, White and Sanchez",Finance,Canada,Seed,465420,01-07-2019,395
"Martinez, Vasquez and Campbell",Health,USA,Series B,18439218,01-10-2023,352
"Warren, Collins and Li",Tech,Australia,Series B,46256447,27-08-2021,287
Davis LLC,Gaming,India,Series C,131841184,15-06-2022,62
Hicks-Shaffer,Health,Germany,IPO,488295200,04-04-2018,293
"Nielsen, Medina and Moore",Education,France,Series C,161633571,19-11-2023,123
"Dawson, Martinez and Schmitt",E-commerce,Canada,Seed,395282,09-05-2017,112
Stuart PLC,E-commerce,Canada,Series C,96897710,04-04-2020,304
"Foster, Ruiz and Phillips",Finance,Germany,Seed,142270,16-10-2020,295
Velez-Winters,Health,France,Series A,9578776,07-03-2018,216
Palmer Ltd,AI,Netherlands,Seed,205676,22-02-2021,257
Conley Group,Finance,USA,Series A,4912457,31-08-2025,283
"Terrell, Fisher and Hill",E-commerce,USA,Seed,466912,14-05-2020,194
Trujillo PLC,Finance,Netherlands,Series A,7730334,29-03-2020,356
"Wilson, Hickman and Hutchinson",Health,Canada,Series C,108969093,25-11-2016,398
"Miller, Gonzales and Rogers",Health,Germany,Seed,395480,14-12-2023,239
"Douglas, Burke and Rodriguez",Education,Canada,Series B,30308475,19-12-2021,58
Anderson Ltd,Health,Netherlands,Series B,42191666,25-10-2016,341
"Woods, Mills and Matthews",Gaming,UK,IPO,511458461,25-03-2021,305
Meyer-Ward,AI,France,IPO,522846956,26-01-2024,27
Ferguson Ltd,Tech,USA,Series A,1861927,13-11-2016,283
Brown-Patton,Health,Netherlands,Seed,412824,03-07-2021,263
Young-Drake,SaaS,Australia,Series B,49879890,19-09-2017,191
Mcpherson-Wright,Tech,USA,Series C,118604719,29-09-2021,177
Werner LLC,Tech,Netherlands,Seed,281943,13-12-2024,180
Santos PLC,Finance,India,Series C,68314125,18-05-2020,249
"Cameron, Hughes and Sanders",Gaming,Australia,Seed,420448,12-03-2019,418
Rodriguez-Ortega,Gaming,Australia,Seed,69188,05-06-2019,294
"Stein, Ortiz and Bradley",Tech,UK,Series C,139293215,27-06-2022,96
"Rose, Leonard and Adkins",Tech,Netherlands,Series A,5029518,27-04-2019,179
Colon-Roman,Education,UK,Seed,460436,27-01-2022,483
Walker-Palmer,Gaming,Netherlands,Series C,165970538,16-11-2023,58
Stanton-Casey,Finance,USA,Seed,435207,29-11-2016,444
"Williams, Juarez and Sanders",SaaS,Germany,Seed,362069,06-09-2018,131
Deleon-Russell,Gaming,USA,IPO,579954974,18-08-2017,420
"Burton, Harper and Mcdaniel",SaaS,India,IPO,329798634,10-01-2023,230
White-Jackson,Education,USA,Series C,94665370,03-08-2019,207
Meyer-Edwards,SaaS,India,Series C,160612724,20-12-2020,181
"Hernandez, Kemp and Price",SaaS,Netherlands,Seed,474907,06-10-2022,357
Pearson-Hawkins,E-commerce,France,Series B,33549544,07-05-2024,266
Mathews PLC,Finance,France,Series B,45802539,15-06-2023,112
Morgan Group,AI,France,Series A,1446990,07-08-2024,63
Garcia-Rivers,Health,India,Series B,49359490,15-11-2016,432
"Martinez, Perry and Porter",Health,Canada,IPO,635048538,06-12-2020,220
"Arias, Gray and Foster",Health,Germany,Series A,7009871,22-05-2016,70
Stewart Group,Tech,Netherlands,Series C,196648298,27-01-2018,168
"Brown, Crawford and Sandoval",Education,Canada,Series C,65915685,15-11-2020,292
Frye-Cochran,Finance,Germany,Series C,136642332,29-10-2019,434
Mcdonald-Becker,Education,Netherlands,Series B,36233113,23-03-2025,272
Fleming Group,Gaming,USA,Series A,5836975,09-08-2020,414
"Morales, Gomez and Clark",SaaS,France,Series B,36288359,25-02-2021,433
Yu-Sexton,Gaming,Australia,Series B,12245152,08-11-2023,494
"Lopez, Bennett and Beck",Gaming,Germany,IPO,342546487,23-06-2022,172
Gibson-Johnson,Finance,USA,Series C,59845800,23-01-2025,233
Baker-King,SaaS,India,IPO,856659717,27-06-2019,450
"Smith, Cherry and Johnson",Gaming,USA,Series C,117513922,26-08-2023,423
"Keller, Combs and Cook",Education,Canada,Seed,98815,12-06-2025,488
Luna Ltd,SaaS,India,Seed,267046,28-12-2020,122
"Mendoza, Sanchez and Roberts",E-commerce,France,IPO,368844394,27-04-2017,152
"Blake, Holmes and Medina",E-commerce,Netherlands,Seed,267614,27-07-2024,120
Butler-Hughes,AI,Netherlands,Series C,184169740,19-12-2016,370
"Smith, Collins and Martinez",AI,Australia,IPO,636171912,23-04-2019,146
Mckinney-Smith,Tech,Canada,Series B,16104111,28-08-2021,208
"Pineda, Griffin and Thompson",AI,UK,Series B,37181827,31-05-2024,272
Leach-Hamilton,Gaming,Canada,Series B,11288356,21-05-2019,335
Perez-Anderson,Gaming,India,Series C,156769582,27-12-2019,20
"Garcia, Greene and Murray",Gaming,Netherlands,Series C,189047606,22-11-2017,493
Howard-Lowery,Education,UK,Seed,349133,03-02-2022,135
Osborne PLC,Gaming,France,Series A,8392211,30-05-2018,333
"Hill, Jones and Larson",Education,Canada,Series B,36944429,29-07-2024,257
Fleming-Rodriguez,Education,Australia,Series C,142360284,10-12-2023,153
"Green, Jones and Schmidt",Finance,India,Series C,177721334,29-12-2021,439
Thomas LLC,Tech,Australia,Seed,469457,22-06-2025,375
Wagner LLC,Tech,Germany,Series A,6445259,12-12-2016,307
"Potter, Montgomery and Bender",Health,UK,Series A,4148503,14-11-2021,58
Parker and Sons,AI,France,Series B,30389159,01-11-2020,150
Perez Ltd,E-commerce,USA,Seed,91775,26-09-2020,61
Mueller LLC,Finance,Canada,Series C,181464189,15-05-2025,22
Diaz-White,E-commerce,Australia,Series A,8843684,13-01-2016,339
Powell and Sons,Health,UK,IPO,391006460,21-07-2020,91
Clay-Smith,Finance,Germany,Series A,8800296,08-01-2024,116
Boyer PLC,SaaS,Canada,Seed,362686,28-12-2021,387
"Cantu, Hayes and Wells",Tech,India,Series A,3624428,02-11-2022,268
"Gentry, Butler and Baker",E-commerce,Australia,IPO,854989932,17-06-2023,328
Young-Woods,E-commerce,Australia,Series B,31941823,10-11-2020,146
"Gonzalez, Martin and Smith",SaaS,France,Series C,71592049,12-12-2025,147
Riggs PLC,Health,India,Series C,105707539,14-11-2020,131
Holmes Ltd,AI,UK,Series B,46318289,30-09-2017,362
Dixon Inc,Tech,Germany,Series C,74130019,16-12-2023,86
"Harris, Jones and Brown",Gaming,India,IPO,374697963,27-07-2024,368
Mccarthy-King,Tech,Netherlands,Series C,155744827,13-03-2021,135
"Beck, Bruce and Gonzales",Health,Germany,IPO,388246887,31-10-2021,323
Sullivan-Nguyen,Gaming,Australia,Seed,402873,24-12-2017,76
Massey-Jones,E-commerce,Germany,Series C,164756941,14-08-2019,156
"Bright, Price and Chandler",Tech,Canada,IPO,956393809,18-08-2017,93
Jackson-Collins,Finance,UK,Seed,413672,20-11-2019,310
Cole and Sons,Tech,UK,Series B,24116950,07-01-2021,229
Jimenez-Herring,AI,Germany,Series C,158987592,23-03-2021,404
Dickerson Group,Finance,India,Series A,9887309,20-06-2016,251
Shaw Inc,Gaming,Netherlands,IPO,783031525,22-07-2016,308
Allen Group,E-commerce,India,Series B,37820450,11-04-2017,282
"Thornton, Gonzalez and Hughes",Finance,India,Series C,139484555,18-11-2024,396
"Hall, Cross and Johnson",Gaming,France,Series B,47767482,31-01-2018,380
"Everett, Garza and Lutz",E-commerce,Germany,IPO,982175112,17-06-2019,161
Miller and Sons,Finance,Germany,Seed,450236,02-04-2016,166
"Perez, Serrano and Robinson",E-commerce,Australia,Seed,349112,23-02-2024,107
"Olson, Michael and Miller",SaaS,France,IPO,687893639,17-09-2016,380
Boyd Ltd,Gaming,Canada,Series B,19909962,25-11-2018,401
Choi Group,Gaming,Canada,Series C,95784186,17-01-2016,139
"Cooke, Campbell and Nguyen",SaaS,France,Series A,9395788,20-03-2024,278
Duran Inc,E-commerce,Germany,IPO,621581653,11-05-2020,16
Hernandez-Carter,Education,France,Seed,86916,28-05-2017,85
Aguirre PLC,Education,Canada,Series A,5115928,20-06-2017,106
"Graham, Harris and Miller",AI,USA,IPO,567405898,16-08-2019,439
Mcguire-Johnson,Finance,Australia,Series B,30960558,25-05-2017,62
Simmons LLC,SaaS,Australia,IPO,851282785,02-05-2023,489
Davis Group,Tech,Netherlands,Seed,52786,09-05-2016,363
"Stevenson, Schmidt and Carlson",Education,Australia,Seed,87938,13-11-2016,312
"Henson, White and Warren",SaaS,Australia,Seed,86050,21-08-2022,499
Waller Inc,AI,UK,Series A,8029787,24-09-2020,420
Carter-Lawson,Gaming,UK,Series A,5007728,04-02-2019,45
"Burgess, Smith and Mason",Health,France,Seed,439020,25-01-2020,484
Cook Inc,AI,Australia,IPO,746492853,28-01-2023,324
"Sullivan, Miller and Swanson",AI,Germany,Series A,2362296,21-11-2021,207
Meadows Inc,Tech,Germany,Series B,28187364,18-03-2022,477
Cervantes-Thomas,AI,Australia,Series B,19402158,18-05-2023,328
Carey Group,Gaming,UK,IPO,968193644,26-05-2019,140
Carson-Davis,AI,USA,Seed,109674,20-09-2025,74
Thomas-Hill,Education,Netherlands,Series C,167742943,20-08-2021,151
Fuller Ltd,SaaS,UK,IPO,586569582,19-08-2025,110
"Lee, Lozano and Schultz",SaaS,Netherlands,Seed,439408,01-04-2017,261
Montgomery Inc,E-commerce,Netherlands,Series C,104464080,11-04-2016,208
"Robinson, Lane and Thornton",Health,UK,Series C,165554440,07-09-2017,267
"Little, Jackson and Davis",Education,India,Series B,47103410,11-12-2024,365
"Herrera, Castillo and Hoffman",Finance,India,IPO,643328696,06-10-2021,25
"Hall, Dawson and Jones",Education,France,Seed,407662,12-09-2024,425
Young-Rangel,SaaS,UK,Seed,424470,04-03-2019,422
"Barrett, Smith and Brooks",Finance,Australia,IPO,391574986,22-04-2025,425
Diaz-Johnson,Gaming,Germany,Series C,142518683,26-02-2018,43
"Williams, Ferguson and Scott",AI,USA,IPO,577065571,18-12-2022,461
Patterson Inc,Health,USA,Series C,101924798,23-01-2025,253
Sharp-Hines,Education,Canada,Series C,109653299,09-12-2023,428
"Rodgers, Hall and Norris",Education,Canada,Series A,7594948,12-11-2019,81
Hicks Inc,SaaS,USA,Series B,19962792,05-05-2020,114
Cantu LLC,Finance,Australia,Series C,110056307,05-10-2021,328
"Koch, Morales and Klein",AI,Australia,Series A,2708740,20-04-2025,238
Jenkins-Williams,Finance,USA,Series C,89593704,04-05-2020,48
Flores-Rodriguez,AI,France,Seed,279259,06-04-2025,41
Gonzales-Waters,Gaming,Germany,IPO,470113146,17-07-2019,441
Flores-Gonzalez,E-commerce,India,IPO,436349468,03-11-2025,136
Doyle-Wood,E-commerce,Germany,Series B,18748438,01-11-2017,326
"Shelton, Kelly and Allen",Gaming,France,Series B,25789870,28-05-2024,199
"Snyder, Thompson and Washington",SaaS,UK,Series C,158142375,07-04-2021,210
"Fleming, Good and Washington",Finance,USA,Series B,17226425,25-04-2021,304
Campbell-Miller,Tech,UK,Seed,209456,24-06-2024,146
Ford-Rice,AI,France,IPO,442385339,21-03-2020,309
Nelson-Rivera,Finance,Netherlands,IPO,723691232,30-12-2025,31
"Curtis, Simpson and Ware",Tech,Netherlands,Series B,48106618,24-12-2016,424
Ruiz-Lawson,Tech,Germany,IPO,637938305,15-08-2021,35
Cruz LLC,Tech,UK,Series C,144940861,09-02-2025,297
Ramsey-Graham,Tech,Australia,Series B,43158098,18-09-2018,301
"Williams, Thompson and Delgado",E-commerce,Canada,Seed,110981,07-06-2022,425
Mcbride-Lee,Health,India,Series B,33912027,16-04-2022,393
Johnson Inc,SaaS,USA,Series A,1207309,16-06-2019,237
"Olson, Guerra and Kim",Finance,USA,Series C,120029042,10-08-2023,133
"Brown, Hernandez and Caldwell",AI,France,Series B,31650981,21-07-2019,132
Williams-Bennett,Finance,Germany,Series B,49292893,25-07-2023,287
Martinez-Roberts,AI,Netherlands,Series A,1936912,24-02-2020,423
"Roy, Patrick and Jones",E-commerce,France,IPO,447479215,10-04-2023,440
Maxwell-Miller,E-commerce,Canada,Series A,6329342,20-01-2022,474
Davis Ltd,Tech,France,Seed,480963,20-09-2022,417
Adkins-Harris,Tech,Netherlands,Series B,46490105,03-03-2016,287
"Wiggins, Nguyen and Williams",Health,Netherlands,Series A,5466989,02-02-2023,226
Ellison Inc,E-commerce,UK,Series C,84712990,23-09-2020,50
Mora and Sons,Tech,Australia,Series A,6797713,15-08-2016,385
"Warren, Pena and Gonzalez",E-commerce,India,Series A,4676251,23-01-2019,406
Ramirez-Atkinson,Finance,Australia,Seed,86615,10-11-2016,307
"Allen, Smith and Grant",Education,Canada,Series B,45741902,09-04-2019,440
"Neal, Phillips and Walker",SaaS,India,Series A,6695342,17-01-2016,13
"Daugherty, Branch and Mays",Health,Canada,Seed,56746,11-11-2020,47
"Cook, Buchanan and Mercer",Education,UK,Series A,5460790,07-05-2017,319
Nixon-Roberts,SaaS,USA,Series B,14748655,25-05-2024,223
"Graves, Scott and Martinez",E-commerce,UK,Series B,13880481,22-12-2022,287
"Boyd, Hall and Daniels",Education,India,Seed,131611,19-09-2023,119
"Strong, Black and Banks",E-commerce,Canada,Series C,157761007,28-09-2020,213
Jensen-Williams,Health,USA,Series A,6266603,09-07-2023,197
Stephens Ltd,Health,UK,Series B,45849035,30-01-2023,124
Jones Ltd,Education,Germany,Series C,90819515,14-03-2022,157
Stevenson-White,E-commerce,India,IPO,966148460,27-09-2023,182
"Rodriguez, Boyd and Gregory",Tech,Germany,Seed,221730,07-08-2025,387
Campbell Group,E-commerce,Netherlands,Series B,40388551,16-01-2017,35
Collier Ltd,SaaS,UK,Series C,85628721,02-10-2018,85
Keller Group,E-commerce,France,Series B,13293861,08-10-2021,488
Hernandez-Pope,Finance,Australia,Series B,33751366,08-05-2016,163
"Hanna, Molina and Herrera",Gaming,France,Series A,3049857,03-10-2020,128
Frey-Morgan,E-commerce,UK,Series C,164755468,26-09-2017,159
Foster-Mosley,Health,Australia,Series A,7824167,03-05-2022,25
Hudson-Paul,Education,Germany,IPO,644639791,26-05-2022,226
Bailey Inc,Gaming,UK,Seed,453264,18-12-2023,30
"Kent, Dunn and Peters",E-commerce,UK,Seed,106359,11-09-2017,318
Briggs-Cox,Finance,Australia,Series A,6750074,17-06-2023,494
Weber PLC,SaaS,Australia,Series B,37218428,19-09-2022,214
Moreno-Gordon,Tech,Netherlands,Series A,4345260,11-06-2024,454
Scott-Washington,E-commerce,Germany,Series B,15549789,14-05-2021,140
Myers PLC,SaaS,UK,Seed,141269,25-02-2023,407
Baxter-Fry,E-commerce,France,Series C,145114386,27-07-2020,338
Blankenship-Schmitt,Health,UK,Series C,128043754,04-08-2025,156
"Morgan, Hunter and Gibson",Gaming,Netherlands,Series C,62232670,02-05-2019,268
"Atkins, Jackson and Elliott",Health,Australia,Seed,324565,29-03-2020,16
Barnes LLC,AI,France,Seed,299752,16-08-2025,232
Ashley-Rose,Health,Netherlands,Seed,362095,27-08-2016,477
"Sanchez, Holmes and Smith",Tech,Australia,Series C,116144538,04-05-2024,349
Payne Ltd,E-commerce,Australia,Series A,1579620,07-07-2019,333
"Jones, Rivera and Murphy",Education,Germany,Series C,63166969,07-09-2019,20
Dean-Park,Gaming,France,Series C,68744847,12-07-2022,136
"Parker, Robinson and Haynes",Health,Netherlands,Series B,45461093,12-12-2020,453
"Willis, Nichols and Lee",E-commerce,Canada,Series A,2587834,07-08-2023,301
Steele Inc,AI,UK,Series C,65146174,03-01-2026,493
"Davidson, Russell and Bentley",Gaming,France,Series B,14386427,04-11-2018,337
"Austin, Craig and Sanchez",SaaS,Germany,IPO,844691545,15-02-2022,382
Greene-Moon,Health,USA,Seed,393240,29-04-2020,164
"Mccarty, Vasquez and King",Education,Canada,Series A,5221724,08-03-2020,43
Bowman-Hernandez,Education,UK,Series C,89796161,22-12-2018,91
"Hill, Fuller and Morgan",SaaS,USA,Series C,67634589,14-01-2019,391
Henderson Group,Education,France,Seed,133253,30-08-2025,286
Harris Inc,E-commerce,Canada,Series B,13779422,17-03-2025,269
Lewis-Munoz,Finance,USA,Series C,137376001,08-04-2025,313
Kemp-Guzman,Health,USA,IPO,363171954,06-10-2024,266
Martin LLC,SaaS,Netherlands,Series A,2494291,10-04-2021,143
Salinas Ltd,SaaS,Australia,Series C,167930087,30-04-2016,128
"Burgess, Robinson and Buck",Tech,Canada,IPO,439344490,05-08-2022,390
Arellano-Young,Tech,USA,Seed,226651,08-05-2021,40
"Lee, Mckee and Arnold",Finance,France,Series C,67095584,07-08-2025,242
Whitehead LLC,AI,India,IPO,316729744,06-06-2022,282
Silva-Leonard,Finance,India,Seed,89013,15-03-2020,380
"Long, Flores and Dudley",E-commerce,UK,IPO,801425573,17-11-2018,344
Harris LLC,Education,Netherlands,IPO,616565614,18-05-2024,384
"Williams, Lewis and Williams",AI,USA,Series A,9710958,11-02-2019,247
"Weiss, Baker and Dunn",Tech,UK,Series A,9746927,05-05-2022,258
"Padilla, Jones and Mccormick",SaaS,UK,Series B,20506444,29-06-2019,278
Bennett Group,Gaming,UK,Series A,2739498,15-02-2020,433
"Cordova, Kelley and Shea",SaaS,Canada,Series A,6954545,01-02-2020,451
Henderson-Evans,Health,Canada,Series A,4822237,21-08-2024,44
Gonzalez-Henderson,Tech,Netherlands,IPO,290142884,30-10-2016,65
Nixon Inc,AI,Canada,Seed,89420,27-11-2017,282
"Dawson, Reid and Simpson",AI,India,Series A,1418962,16-01-2025,146
Hoover-Jordan,Education,Netherlands,Seed,287651,29-09-2018,438
Mccarthy-Ramirez,Tech,Australia,Series C,72692509,13-07-2024,115
Martinez Inc,Health,Germany,Series A,7193700,07-09-2025,75
Williams LLC,Health,France,Series B,42083672,02-10-2025,139
Pierce-Wood,Health,Germany,IPO,559349214,13-06-2021,169
Ramirez-Hinton,Health,USA,Seed,475071,16-10-2021,148
"Bowman, Cross and Walker",Tech,Canada,Series C,180285671,03-12-2023,89
Stevenson PLC,Education,France,Series B,49810397,08-02-2023,347
"Smith, Kent and Butler",Finance,Netherlands,Series B,19146682,05-10-2016,119
"Dickerson, Swanson and Chase",SaaS,UK,Series B,20837145,09-10-2025,144
"Garrett, Christensen and Hunter",E-commerce,Germany,Series C,85502448,11-02-2023,84
White and Sons,Tech,USA,Series A,4534405,30-10-2017,114
Sanchez and Sons,AI,USA,Seed,332053,26-04-2018,357
"Rogers, Hawkins and Carter",AI,Australia,Seed,391934,05-01-2018,76
Duncan-Walker,Health,UK,Series A,5034661,26-06-2022,374
Matthews PLC,AI,Australia,Series C,186952104,01-05-2016,448
Evans-Hernandez,SaaS,India,Seed,367588,24-01-2018,388
Bailey PLC,AI,France,Series B,32569041,03-11-2024,244
"Peters, Carlson and Ball",Education,Netherlands,IPO,359604493,15-10-2024,271
"Cole, Johnson and Rodriguez",Tech,Canada,Series B,38144196,29-09-2016,162
Crawford Inc,Education,Australia,IPO,224548711,12-01-2018,347
Costa-Vasquez,Health,Germany,Series A,6252774,29-03-2019,100
"Garcia, Montes and Smith",AI,Australia,Seed,457492,22-10-2016,413
Bishop and Sons,AI,USA,IPO,731351627,09-08-2020,72
Stevenson-Lindsey,Health,Canada,IPO,658700937,30-01-2019,200
"Fisher, Santiago and Cantu",Health,Germany,Series A,3238179,05-10-2021,222
"Jacobs, Campbell and Velasquez",SaaS,Australia,Series B,34525430,20-06-2017,298
"Ryan, Jackson and Cummings",Tech,Australia,IPO,748101746,17-09-2019,280
"Parker, Roberts and Reynolds",SaaS,UK,Series C,150243756,14-02-2022,311
"Villanueva, Brown and White",Finance,Netherlands,IPO,747873493,30-05-2016,142
Allen-Brennan,Health,Germany,Series B,43867995,08-09-2024,485
"Carter, Brown and Mcclain",E-commerce,Canada,Series C,115449445,17-03-2025,413
Carlson-Campbell,Health,UK,Series C,64023000,31-12-2016,328
Dyer Ltd,Finance,USA,Series C,77430143,14-01-2019,278
Coleman Ltd,Finance,Australia,Series B,28143676,21-08-2022,347
Meyer LLC,Health,France,Series C,182137734,18-08-2019,240
Ramirez-Davis,Gaming,Canada,Series C,197530611,20-04-2023,21
"Miller, Graves and Gonzalez",Education,Canada,Series B,19877285,03-06-2019,354
Howard-Smith,Education,India,Seed,83755,11-07-2020,226
"Jones, Smith and Morales",Education,Canada,Series C,178453730,18-10-2017,106
Briggs-Berry,AI,USA,IPO,267397386,25-11-2020,401
Sheppard LLC,E-commerce,Australia,Seed,250571,25-09-2023,482
Graham-Hayes,Health,France,Seed,198450,03-09-2020,85
Harding-Greer,Finance,UK,IPO,208327632,04-05-2021,297
Walker-Watkins,Gaming,Netherlands,Series C,149872972,28-06-2018,352
Palmer and Sons,Education,Netherlands,Series B,38859889,16-01-2019,326
"Burgess, Hawkins and Butler",AI,Australia,Series C,129946018,09-02-2016,320
"Townsend, Thomas and Barrett",Gaming,Netherlands,IPO,902739953,07-06-2017,296
"Wood, Williams and Thomas",SaaS,France,Series A,3910324,10-01-2022,43
Klein Ltd,Education,Germany,Series B,48049839,02-02-2019,214
Munoz-Maddox,Tech,Canada,Series C,68596374,26-09-2022,205
Miller Group,Tech,Australia,Series C,105626100,09-12-2017,99
Fox Inc,Health,India,IPO,811778920,25-03-2025,271
"Cannon, Welch and Parks",Gaming,Netherlands,Series B,37601075,06-03-2017,448
Martinez-Lowe,E-commerce,Australia,Series B,26297270,25-03-2018,261
Williams-Parker,E-commerce,Netherlands,Series C,80329484,03-04-2020,83
Dixon-Lang,AI,Canada,Series C,92661852,19-08-2017,252
"Schroeder, Lopez and Rice",Education,France,Series C,87157841,13-01-2021,222
Ford Inc,E-commerce,USA,Series C,175141351,25-12-2023,374
Nelson Inc,Gaming,India,Seed,202167,29-04-2023,51
"Gallegos, Gonzales and Davis",Education,Germany,Series B,36546061,16-03-2024,187
"Beck, Tran and Garrison",Finance,France,Series C,59208155,13-11-2025,310
Christian Group,Finance,Germany,Series A,5385546,12-11-2019,327
Frazier-Mitchell,Tech,India,Seed,247439,14-04-2021,360
"Gates, Brandt and Thompson",Finance,UK,Seed,289982,26-12-2017,13
"Martin, Le and Romero",Education,UK,Seed,246612,12-04-2020,202
Mason Group,AI,USA,Series A,7293939,05-10-2025,145
"Castro, Cummings and Coleman",E-commerce,Germany,Series A,1146759,06-05-2021,387
Rogers PLC,Education,Australia,Series A,8647695,16-09-2022,441
"Wright, Martinez and Young",Education,Germany,Series B,16170899,27-06-2024,449
James-Anthony,Education,India,IPO,564762138,02-03-2017,450
Collins-Andrews,Finance,Canada,Seed,129910,03-12-2017,451
Rose PLC,SaaS,USA,Series B,13101001,22-07-2016,342
Herring-Stewart,Finance,France,Series B,29798352,09-12-2017,394
"Smith, Williams and Carrillo",SaaS,Canada,IPO,906476579,14-06-2016,69
"Thompson, Hughes and Rodriguez",SaaS,USA,Series B,34920680,21-02-2022,302
Rivera Inc,Gaming,Australia,IPO,499893686,05-11-2021,324
"Boyd, Hughes and Alvarado",Education,Germany,Series A,2177911,25-10-2016,474
Watkins LLC,Finance,France,Series C,191813555,13-05-2023,352
Guzman-Lynch,Education,Netherlands,Seed,221842,01-11-2017,133
Ward and Sons,Finance,Australia,Seed,434019,12-06-2025,74
"Walker, Smith and Holland",Finance,India,Series A,9282523,23-10-2020,204
Obrien-Fowler,AI,France,Series B,20688810,05-07-2024,327
Sosa-Gonzalez,Finance,India,Seed,184956,28-12-2018,422
Schmidt-Matthews,Tech,USA,Seed,126509,13-11-2019,332
"Summers, Sutton and Austin",Tech,Netherlands,Series A,2960634,20-12-2025,410
Davis-Bradley,Gaming,India,Series C,149839470,12-11-2017,223
Hood Ltd,Health,Netherlands,Seed,401435,10-05-2020,453
"Hart, Roy and Bates",AI,USA,IPO,264725482,19-04-2017,324
"Nelson, Gibbs and Russell",SaaS,UK,Series C,102882624,25-04-2017,274
Collins-James,Tech,France,IPO,484335886,03-02-2021,295
Woodard Group,Education,Netherlands,IPO,342100049,18-03-2020,32
Bell-Hall,Education,France,IPO,758847373,23-12-2019,173
Lewis-Hutchinson,E-commerce,India,Series C,90601412,18-12-2025,141
May-Newman,SaaS,USA,Series C,145921921,26-12-2023,60
"Simmons, Richardson and Jimenez",SaaS,India,Series A,4832753,10-05-2024,155
Marshall Inc,Finance,India,Seed,70128,04-01-2018,202
Price Ltd,Tech,France,Series C,176733994,18-01-2021,175
"Mclaughlin, Simmons and Cox",Gaming,Netherlands,Series C,118756684,28-11-2018,479
"Ramirez, Fernandez and Chapman",Education,Germany,Series B,17491175,27-03-2019,36
Hall Inc,Tech,India,Series B,47673507,03-05-2019,304
Hall Group,E-commerce,Canada,Series A,7180215,07-05-2016,401
Barton-Ruiz,E-commerce,France,Seed,174824,01-08-2025,186
Hammond-Johnson,Finance,France,Seed,325891,22-10-2024,108
"Howard, Lewis and Petersen",Tech,Netherlands,Series A,3682015,02-11-2025,126
Moore-Mooney,Health,Australia,Series C,107107417,19-01-2016,328
Smith-Parks,AI,Germany,Seed,51812,18-07-2018,415
Avery Ltd,SaaS,Canada,Series C,132934081,20-08-2025,284
Burton-Duncan,Health,France,Seed,494333,14-06-2023,405
Anderson-Parker,Gaming,France,Series B,44177043,11-12-2016,78
White-Schaefer,AI,Australia,IPO,531213967,21-02-2023,478
Elliott Inc,Finance,Netherlands,IPO,303337581,12-04-2025,390
"Adams, Johnson and Warren",Education,Netherlands,Seed,279253,09-11-2016,239
"Simmons, Hardy and Strong",Education,Germany,Seed,204491,30-04-2024,102
Nguyen-Martinez,Health,India,Seed,178542,07-03-2025,414
Mcmahon Inc,SaaS,India,Series C,155282994,03-05-2024,21
"Harris, Brady and Scott",Education,USA,Seed,257826,01-03-2021,74
"Swanson, Williams and Wong",Finance,UK,Seed,110959,25-01-2021,394
"Parker, Hunt and Turner",Education,UK,Series B,31440547,21-03-2021,88
Lang Group,Tech,France,Series A,8370036,31-07-2025,77
Rice-Wright,E-commerce,India,Series A,9019483,25-04-2016,380
"Flores, Thomas and Rodriguez",Health,Canada,Series A,1505157,22-05-2024,177
"Cohen, Galloway and Rush",AI,France,Seed,444818,20-01-2019,131
Conner-Bryan,Finance,Netherlands,Seed,307067,25-11-2023,104
Smith-Soto,Tech,Netherlands,Series A,1065256,09-03-2017,127
Brennan and Sons,Health,UK,Series C,166884916,19-03-2017,10
Santos-Carter,Health,India,Series A,6688114,08-02-2019,382
"Graves, Shepherd and Washington",Education,Australia,Series B,49598037,21-10-2020,424
"Torres, Mullins and Smith",AI,India,Series C,109619731,12-12-2025,318
"Williams, Henderson and Harris",E-commerce,France,IPO,239989192,24-05-2023,359
Fischer Group,E-commerce,Canada,Seed,186552,16-05-2016,402
Potter Group,Gaming,Netherlands,Series C,196007121,06-07-2020,500
"Rodriguez, Williams and Lewis",E-commerce,France,Series C,111708662,30-01-2018,440
Gonzalez Group,Health,France,Series B,44561471,10-05-2022,149
Lowery-Smith,Education,Canada,Series C,188504402,05-05-2025,365
Roberts PLC,Education,Netherlands,IPO,790906153,07-11-2020,490
Hill-Romero,E-commerce,India,Seed,295476,11-02-2021,30
Abbott-Blanchard,Finance,UK,Series C,125874928,22-06-2016,45
"Peterson, Fernandez and Harris",Gaming,Australia,Seed,188713,10-01-2022,441
"Petersen, Horn and Lloyd",Tech,India,Series A,9050396,27-02-2022,399
Lewis Ltd,Finance,USA,IPO,604186552,07-09-2016,342
Bailey-Patton,Gaming,France,Series B,36190349,28-11-2017,65
"Cain, Villanueva and Alvarado",Tech,India,Series C,56691594,23-06-2019,447
"Arnold, Lewis and Delgado",Health,India,Series B,12091871,24-07-2016,460
"Bryant, Clark and Murphy",E-commerce,Canada,Series C,162452635,14-01-2020,368
Miller-Curtis,E-commerce,Netherlands,Seed,269222,23-03-2023,127
Boone-Flores,Finance,France,Series C,172615126,12-08-2017,329
Hunter-Nichols,E-commerce,Netherlands,Series B,43624439,20-10-2020,178
Mcintyre-Williams,E-commerce,Netherlands,IPO,996485418,23-07-2020,253
Madden-Rogers,Education,Netherlands,Series C,130854297,10-07-2016,240
Grant PLC,Education,India,Series B,22355049,02-09-2023,256
Morrison-Valencia,Health,Germany,Series C,80937872,31-03-2025,194
Owens-Henderson,Education,Australia,Seed,211300,03-11-2020,202
Graham and Sons,Health,USA,Series B,28679386,13-07-2016,205
"Woods, Clements and Snyder",AI,Netherlands,Series B,25415182,07-05-2024,447
"Edwards, Gomez and Sweeney",Tech,Netherlands,Series A,7368633,12-03-2025,448
"Santos, Greer and Mueller",SaaS,Canada,Series B,36685217,10-02-2019,483
"Davis, Wright and Rodriguez",Finance,Germany,Series A,3718635,08-03-2019,229
Clark-Adams,Tech,France,IPO,394753070,24-02-2018,157
Jones-White,AI,UK,Series C,145768490,19-03-2019,138
Drake Inc,Education,Netherlands,Series C,184120873,26-09-2021,393
"Acosta, Hamilton and Martin",Finance,UK,Series C,165071583,12-04-2020,454
Dennis Ltd,AI,UK,Seed,265671,30-04-2021,136
Bautista-Lowe,Tech,Netherlands,Series A,5974818,19-01-2020,257
Small-Ramirez,Gaming,Australia,Series B,19543359,07-04-2022,419
Martin Inc,E-commerce,France,Series B,38782059,28-08-2020,107
"Shaw, Martinez and Mckinney",Education,Canada,Series A,7588605,26-08-2024,317
Marsh Group,Health,Canada,IPO,705677201,08-01-2019,488
Morris Inc,Finance,Canada,Series B,40683760,20-04-2024,328
Lucas-Reyes,E-commerce,Germany,Series C,196965074,24-06-2022,138
Gibson-King,Tech,Germany,Series C,173793084,21-03-2021,345
Chavez-Yang,AI,India,IPO,687307226,11-07-2025,35
Reynolds Group,Gaming,Canada,IPO,522803533,11-02-2020,391
Wheeler Group,Tech,Australia,Series B,34334764,17-11-2016,80
"Ruiz, Collins and Marquez",Finance,Australia,Series B,48532051,15-08-2025,419
Bartlett-Vega,Education,Germany,IPO,517586268,05-06-2023,193
Myers-Mills,E-commerce,UK,Seed,115896,15-06-2023,470
Berger-Warren,E-commerce,Australia,Series A,2815441,29-03-2016,450
"Brown, Gomez and Erickson",Gaming,Netherlands,Seed,66570,03-11-2016,180
Parker PLC,Tech,Australia,IPO,656304938,03-02-2017,208
"Garcia, Waller and Swanson",Tech,India,Series B,30962720,29-09-2025,146
"George, Schneider and Johnson",Health,India,Series B,42088410,14-02-2019,40
Rowland LLC,SaaS,UK,Seed,191543,06-12-2019,117
Ramos-Reed,AI,Australia,Series C,145129142,19-11-2022,292
Lewis-Short,E-commerce,Canada,IPO,373381535,13-11-2021,305
"Rosario, Hatfield and Strickland",Gaming,France,Series A,3901226,04-10-2016,348
Flores Inc,AI,USA,Series B,43476335,08-12-2018,174
Holder-Mitchell,Health,Germany,IPO,272297339,15-04-2023,486
"Hinton, Schneider and Williams",AI,India,Series B,25161512,21-12-2023,439
White-Henry,Education,France,Series C,63104468,24-06-2024,369
Lee LLC,E-commerce,France,Series C,181868583,29-06-2025,119
Jefferson-Hamilton,SaaS,UK,Series C,165379550,30-12-2023,292
Griffin Ltd,Education,Australia,Seed,153098,28-09-2017,37
Gutierrez-Morales,AI,France,Series B,38678380,14-05-2025,346
Shaffer Group,E-commerce,UK,Series B,45095815,13-03-2024,348
Ryan Group,Finance,France,Series B,20169885,10-12-2024,387
"Valencia, Davis and Fisher",Gaming,UK,Seed,422283,28-09-2020,450
Lynch-Hernandez,Tech,Canada,Series B,21820854,11-01-2016,153
Chambers-Boyd,Education,UK,IPO,465044532,26-06-2016,480
Rodriguez-Reynolds,SaaS,USA,Seed,111105,17-12-2019,279
Cochran-Daniels,AI,France,Seed,108172,07-06-2024,67
Strong-Taylor,Tech,India,Seed,221958,10-05-2025,147
Sheppard-Tyler,E-commerce,USA,IPO,425586419,30-08-2020,498
Thornton Inc,AI,Australia,Series C,57543156,08-12-2023,114
Young Ltd,Health,Germany,Series C,91466479,04-02-2022,407
Ramirez-Alvarado,Tech,Germany,Series C,65247084,12-11-2020,495
"Armstrong, Mccann and Cox",Finance,France,Series B,21471229,28-05-2016,231
Lindsey-Aguirre,AI,Netherlands,Series C,191361635,07-12-2021,229
"Leon, King and Moore",Gaming,USA,Series B,32844309,21-08-2024,90
"Thompson, Skinner and Nelson",E-commerce,UK,Series A,5587315,07-07-2021,494
Jones-Anderson,Health,Netherlands,Series B,34617417,25-09-2023,252
Martin-Collins,SaaS,UK,Seed,330042,23-08-2024,472
Fletcher Inc,Gaming,USA,Series A,8976522,08-09-2024,68
Jimenez-Knight,E-commerce,Netherlands,IPO,435545127,14-01-2018,114
Ramirez-Taylor,AI,France,Series A,5391732,21-04-2021,252
Ramirez-Moore,E-commerce,India,Series A,4443685,28-02-2017,151
"Wells, Johnson and Kelley",Health,Canada,IPO,889370062,01-07-2022,168
"Murphy, Mccann and Chambers",SaaS,Canada,IPO,616028596,20-11-2017,415
Raymond Ltd,Tech,France,Series B,32922019,29-03-2022,276
Powers PLC,Gaming,UK,Series A,4916628,28-12-2025,353
"Reyes, Johnson and Mason",E-commerce,Canada,Series C,58689180,22-10-2022,50
"Rivera, Gonzalez and Bryant",Education,UK,Series A,4453702,04-05-2016,315
Flowers-Ward,E-commerce,Canada,IPO,872320890,20-12-2018,406
Watkins Inc,Health,Canada,Series A,6788301,23-04-2021,322
"Lewis, Kennedy and Perry",SaaS,India,Series A,4476619,17-06-2025,319
Garcia LLC,Education,Australia,IPO,308386343,07-09-2023,113
Peters-Medina,Gaming,Australia,Series A,1405273,04-10-2016,16
"Jordan, Mills and Williams",E-commerce,Netherlands,Seed,461671,02-11-2018,417
Garcia-Allen,Finance,Netherlands,Series B,27509140,16-02-2020,212
Reynolds LLC,Gaming,Canada,Series C,131328394,29-11-2025,438
"Diaz, Nash and Barnes",Tech,Australia,Seed,53472,09-09-2020,294
Mendoza-Pierce,SaaS,Australia,Series C,158254537,04-03-2016,396
"Hatfield, Patterson and Morrison",Gaming,Canada,Series C,161852375,26-02-2019,359
Waters-Dixon,Education,Australia,Series A,5384170,09-06-2018,359
Parsons-Holt,Tech,Germany,Series B,18264926,10-06-2020,96
"Moore, French and Johnson",Health,Australia,Series A,7293198,31-03-2021,307
Wang and Sons,E-commerce,USA,Series A,7800939,07-07-2018,399
"Bailey, Beck and Johnson",E-commerce,India,IPO,844904264,07-11-2025,12
"Mcgrath, Rosales and Johnson",Finance,Canada,Series C,85188662,14-09-2019,121
"Watts, Miller and Sullivan",Education,Canada,Series A,1965847,23-05-2018,44
Lane-Watson,Tech,Germany,IPO,338049948,14-09-2019,325
"Allen, Schaefer and Lee",Health,UK,Series C,147242577,08-02-2024,110
Meyers Group,Education,France,IPO,406138719,01-07-2017,409
"Rocha, Miller and Taylor",Gaming,Canada,Series A,8760385,02-10-2017,273
Allen-Parks,AI,France,Series C,178482341,24-06-2025,396
Brock PLC,Gaming,UK,Series A,5480507,23-02-2025,291
Ferguson-Gilbert,Finance,France,Seed,110223,21-02-2021,249
Dalton-Alexander,Education,Netherlands,Seed,220673,07-02-2019,74
Reid-Garcia,Gaming,USA,Seed,470725,13-01-2021,472
Walker Inc,AI,Netherlands,IPO,387703981,18-08-2017,340
Cohen Inc,Finance,Australia,IPO,995377297,03-06-2018,392
Lara Inc,Tech,France,IPO,709751665,27-08-2025,262
Gardner-Williams,Tech,Germany,Seed,445872,13-02-2023,342
Moore-Bowen,Tech,Germany,Seed,122710,16-02-2016,147
Morrison PLC,Health,Australia,Series A,4739877,21-04-2019,48
Nichols-Reynolds,AI,India,IPO,580871568,21-05-2023,482
Harrell PLC,E-commerce,UK,Seed,77008,22-06-2022,316
"Davila, Martinez and Peters",Finance,India,Seed,125676,16-09-2019,58
"Phillips, Kirby and Floyd",Finance,Netherlands,Series B,14864269,11-05-2020,365
Carlson-Johnson,Education,USA,Series A,8221999,30-01-2016,287
"Lane, Davis and Hall",E-commerce,France,Series B,45260957,27-09-2016,285
"Stewart, Johnson and Jones",E-commerce,Canada,IPO,802862916,17-04-2018,56
Jackson-Carroll,AI,India,Series A,5345963,17-08-2024,42
Jones-Rodriguez,Education,India,Series C,147712543,27-05-2016,14
"Graham, Mcpherson and Yu",SaaS,Netherlands,IPO,900098218,02-03-2016,306
Grant-Mckinney,AI,UK,Seed,118157,27-04-2019,259
Crawford PLC,AI,USA,IPO,908292086,10-02-2018,135
"Trevino, Yu and Roberts",Health,India,Series C,139862992,06-05-2024,341
"Dennis, Anderson and Lynch",E-commerce,France,IPO,657682844,29-07-2018,496
Jefferson-Smith,E-commerce,Germany,Series A,5831813,09-05-2017,466
"Hunt, Bradley and Gonzalez",Tech,Canada,IPO,955201538,14-09-2022,473
Harris and Sons,Tech,India,Series C,154413009,06-03-2024,239
"Sanders, Sanchez and Weber",Education,France,Series C,63565809,25-04-2020,388
"Willis, Yates and Ross",Tech,India,Series B,26220112,26-08-2019,96
"Campbell, Caldwell and Raymond",Gaming,USA,Seed,312286,18-12-2019,168
Silva Ltd,AI,India,Series C,142059030,16-12-2025,191
Chan and Sons,E-commerce,UK,Seed,330108,28-10-2017,490
"Bates, Anderson and Mckinney",Gaming,UK,IPO,279443386,29-11-2024,262
Nichols-Smith,Gaming,USA,Seed,258201,11-08-2024,74
Kelly-Curry,E-commerce,Canada,Seed,313228,12-06-2025,138
Morris Group,Tech,UK,IPO,395028177,04-01-2022,328
Wu-Collins,SaaS,Canada,Series A,6664557,05-09-2023,232
"Boyd, Williams and Morales",E-commerce,Germany,IPO,929216017,02-08-2020,462
"Baird, Phillips and Thompson",SaaS,USA,Series C,167451991,02-08-2023,249
"Silva, Morales and Mendoza",SaaS,Germany,Seed,190281,13-01-2016,403
"Watts, Johnson and Kelley",SaaS,Netherlands,Seed,264487,11-10-2024,398
Peters Ltd,Health,Canada,Series C,58528890,25-10-2021,158
"Bradford, Cuevas and Roberts",Education,Australia,Series C,135416339,19-04-2024,496
"May, Johnson and Wells",Health,UK,IPO,230498685,09-05-2018,34
Carlson-Romero,Education,Canada,IPO,433060465,02-06-2021,227
"Hubbard, Ruiz and Webb",AI,Netherlands,IPO,608561619,17-01-2023,499
"Rivera, Walters and Mitchell",Health,France,IPO,734703214,27-07-2021,318
"Norton, Kelly and Diaz",Gaming,India,Series C,145782158,26-05-2021,10
"Martin, Peterson and Kennedy",Education,Germany,Series B,28002835,08-07-2025,146
Clayton-Pineda,Gaming,Australia,Seed,67071,02-09-2023,412
"Barnett, Williams and Williams",AI,UK,Seed,372053,08-11-2023,441
Anderson-Oliver,Education,Australia,Series A,4726926,18-09-2021,219
"Holmes, Washington and Gonzales",AI,Netherlands,IPO,361586657,29-07-2016,114
Allen LLC,Finance,UK,Series B,11631560,02-11-2024,263
Harris-Bates,Gaming,Canada,IPO,875845028,22-01-2021,264
Hart Ltd,Education,Germany,Series C,187581389,25-06-2023,7
"Allison, Williamson and Benson",Health,USA,Series A,1933789,24-01-2023,428
"Fischer, Lawson and Le",Health,Canada,Series C,112694424,24-10-2018,260
"Baker, Montes and Holmes",AI,USA,Series B,15898104,13-02-2018,347
"Webb, Travis and Smith",Tech,Australia,Series C,122470645,20-06-2024,476
"Schwartz, Carter and Matthews",SaaS,Australia,IPO,549709657,19-07-2020,323
"Gonzalez, Howard and Perez",Gaming,France,Series C,158159781,09-12-2025,123
"Johnson, Sherman and Chase",Health,Canada,Series B,25075728,08-02-2019,321
Vaughn LLC,AI,Australia,Seed,173453,08-04-2025,170
"Hendrix, Lee and Torres",SaaS,UK,Seed,391345,29-03-2022,414
Stein Ltd,Education,France,IPO,832783178,20-07-2024,488
Villarreal LLC,Tech,USA,Series C,92366592,21-10-2022,464
"Mccall, Daniels and Dixon",AI,Netherlands,IPO,268528747,04-11-2020,451
Stevens PLC,Tech,USA,Series B,14419576,01-05-2024,195
Maynard LLC,Finance,India,Series C,134075124,30-12-2018,409
"Gordon, Hamilton and Maldonado",Finance,Netherlands,Series A,1945513,07-07-2019,140
"Lopez, Davis and Greer",SaaS,Australia,Seed,56769,01-05-2025,155
Sutton-Chambers,E-commerce,France,Series C,190688251,28-05-2020,425
"Lane, Wilson and Parrish",AI,Germany,Series B,12938344,18-03-2018,344
Potts-Jones,Education,Australia,Series A,6607273,07-10-2023,172
Alexander-Adkins,Tech,France,Series B,23942817,06-05-2020,433
Nicholson PLC,Tech,Australia,Series A,1217597,10-02-2020,499
Harrison and Sons,Finance,Netherlands,Series B,41186660,17-10-2020,381
Green-Lopez,Education,France,IPO,967415004,15-10-2024,190
"Collier, Randolph and Sellers",Tech,Germany,IPO,256702032,21-08-2022,238
"Walker, Golden and Patel",SaaS,USA,IPO,489509929,30-08-2025,170
Garcia-Benton,E-commerce,France,Series C,73298684,01-12-2016,393
"Smith, Holmes and Wheeler",E-commerce,France,Series B,38731511,07-04-2020,121
Vaughn-Jensen,Health,Australia,IPO,597032965,23-09-2021,338
Young-Dean,AI,France,IPO,216762108,15-12-2017,191
"Gray, Vargas and Mitchell",SaaS,Germany,Series B,28142667,02-01-2017,176
Pineda Inc,Tech,Germany,IPO,381288972,10-07-2024,208
Lambert PLC,Gaming,UK,Series A,3406967,02-03-2021,219
Mcdowell-Berg,Education,UK,Seed,376404,28-11-2019,26
"Miller, Johnson and Dudley",AI,UK,Series C,127056221,14-09-2017,381
Ibarra and Sons,SaaS,Netherlands,Series B,35674806,04-02-2016,279
Dodson-Flores,SaaS,USA,Series B,47429116,02-10-2022,281
Huff-Lynch,Tech,USA,Series A,3284362,11-04-2021,30
"Bowman, Wilkinson and Reynolds",AI,Netherlands,IPO,991173260,17-08-2025,35
Livingston-Brandt,Gaming,India,IPO,910265346,19-10-2021,217
"Dennis, Aguilar and Conley",Tech,Netherlands,Series A,2954693,20-05-2024,95
Snow-Griffin,Health,USA,Series B,37660270,13-12-2025,487
Conway-Gallagher,Gaming,France,Series B,18584706,15-06-2018,276
"Phillips, Rogers and Harrell",SaaS,Australia,Series C,187307011,03-06-2019,397
"Morales, Powell and Wilcox",Health,India,Seed,56263,12-02-2024,477
Castillo-Morris,Tech,India,Series B,36655925,23-08-2019,285
Collins-Chung,Finance,UK,Seed,463444,22-06-2020,464
Lee Inc,Tech,India,Series C,53569041,16-08-2020,97
"Peterson, Murphy and Davis",SaaS,Germany,Seed,313473,30-05-2021,346
"Rios, Ellis and Warner",Health,Netherlands,Series A,6454232,30-06-2019,27
"Lopez, Jackson and Mitchell",Gaming,UK,Series C,193123968,06-11-2016,59
Fields Inc,Finance,Netherlands,IPO,436779631,21-06-2022,112
"Phillips, Ferrell and Short",E-commerce,Canada,IPO,235095462,06-01-2019,494
Banks and Sons,AI,India,Series C,197457932,26-08-2019,51
"Morris, Henry and Wood",E-commerce,France,Series A,4003295,26-01-2023,363
Thomas-Huang,E-commerce,Netherlands,Series A,5398539,16-03-2019,284
Hill Inc,Health,Canada,Series B,22531599,20-06-2019,27
"Hernandez, Martin and Ferguson",E-commerce,Australia,Series A,3154271,09-11-2021,100
"Smith, Smith and Davis",Education,Netherlands,Series A,7697857,02-03-2023,123
"Patel, Ross and Ramirez",AI,India,Series C,184118520,13-03-2024,241
"Jones, Turner and Pearson",SaaS,Canada,Seed,206781,15-06-2017,70
"Bryan, Wilson and Bowman",Tech,USA,Series C,90493235,25-01-2019,360
Jones PLC,AI,Australia,Series A,9945198,26-03-2018,379
Clark-Valdez,AI,Canada,Series A,2610956,29-01-2019,327
"Serrano, Taylor and Bell",AI,UK,Seed,295068,29-01-2017,358
Lambert Group,Tech,Netherlands,Seed,232423,27-05-2020,96
Allen-Jennings,AI,USA,IPO,779003876,26-06-2020,225
Patel-Stewart,AI,Netherlands,Series C,135057219,14-01-2016,227
"Yates, Ramirez and Bennett",Tech,Canada,Series A,9014590,31-12-2018,273
Farmer Group,Tech,Netherlands,Series B,40296241,29-01-2023,424
"Wilson, Smith and Robinson",Health,USA,IPO,242245367,29-12-2022,450
Pruitt PLC,Education,UK,Series B,44526142,30-05-2023,139
"Perez, Burnett and Wilson",E-commerce,Australia,IPO,593253722,14-05-2023,61
Bowen Inc,Gaming,France,Series C,189842946,06-09-2024,159
Hernandez PLC,Education,UK,Series C,173069510,11-06-2017,422
Powell-Richardson,Health,India,Series A,8224296,21-09-2018,66
Price-Harrison,Education,Australia,Series C,50213310,07-06-2025,166
Baker Inc,Finance,India,Series C,181966385,21-05-2021,72
Short-Becker,Tech,UK,Series A,6145370,26-07-2017,85
Mclean-Lopez,AI,USA,Series A,1715263,09-04-2016,429
Phillips-Morgan,E-commerce,Netherlands,Series C,102559586,08-12-2021,110
Alvarez Ltd,SaaS,France,Series B,39997457,05-03-2020,53
"Rodriguez, Stone and Vincent",E-commerce,USA,Series B,41176324,18-06-2025,116
Reyes-West,AI,UK,Series C,85870956,21-09-2025,89
Finley-Wilcox,E-commerce,Netherlands,Series C,191595311,02-11-2016,461
"Martin, Roberts and Williams",Finance,Canada,Series C,131842419,27-07-2024,331
"Young, Sharp and Thompson",Gaming,USA,IPO,421242446,23-07-2024,393
Tanner Group,Health,Australia,Series A,8458175,16-04-2019,32
Montes LLC,Health,Canada,Series B,22055337,10-10-2022,197
Miller-Pugh,Education,Canada,IPO,669206297,28-04-2019,295
Cuevas-Miller,SaaS,USA,Series C,114707201,06-06-2017,479
Nixon-Hernandez,Health,Germany,IPO,359097961,03-05-2023,264
Howard-Reese,Gaming,Australia,Series A,6446774,29-09-2024,226
Haley Ltd,SaaS,France,Series C,72508142,05-06-2022,128
Keller and Sons,SaaS,Netherlands,Series C,189836857,02-12-2023,462
Colon-Harrington,Finance,Germany,Series A,2320829,17-09-2023,295
Lee-Lynch,Tech,Netherlands,IPO,659671946,05-11-2021,19
"Holloway, Scott and Scott",Health,UK,Series B,42076626,19-08-2019,456
Bryant-Harmon,Education,Canada,Series C,173580703,19-11-2018,209
"Buckley, Smith and Farrell",SaaS,USA,Series A,2532835,31-03-2022,132
Farrell Group,Health,USA,Seed,134855,03-02-2018,308
"Lang, Petersen and Fernandez",E-commerce,France,IPO,415365516,08-12-2020,268
Rodriguez-Davis,AI,UK,IPO,403917324,09-04-2023,307
"Williams, Adams and Sanchez",SaaS,Netherlands,Seed,100825,22-07-2018,457
Ryan-Foster,Tech,Canada,Series C,127941998,05-08-2024,143
"Medina, Ellis and Williamson",Tech,Netherlands,Series A,7266461,05-03-2016,197
"Patterson, Martinez and Moody",Health,USA,IPO,448400517,02-01-2022,415
"Pennington, Bennett and Drake",Health,UK,Series A,4594471,17-10-2020,483
Garcia-Woods,AI,France,Series B,17403380,24-01-2018,351
"Burns, Compton and Cooley",E-commerce,Australia,IPO,924573371,28-08-2025,384
Robinson-Hart,Finance,Netherlands,Series B,18378923,11-03-2020,466
Mitchell Inc,Health,Canada,Series B,36261669,23-10-2023,178
Nielsen-Wilcox,Finance,UK,Series C,53331309,15-06-2024,202
"Huynh, Berger and Jensen",Education,Canada,IPO,786546492,20-06-2025,37
Norris Group,Tech,Australia,Series C,127697935,13-02-2016,68
Kim-Anderson,E-commerce,Canada,Seed,415482,16-08-2025,485
Harris-Jones,SaaS,UK,Seed,404654,01-11-2016,459
Petty-Smith,Tech,Canada,Seed,328126,12-02-2019,220
"Rodriguez, Reid and Richardson",Finance,Australia,Series B,33101390,06-08-2017,280
Rivas Ltd,Education,India,Series A,5569405,14-06-2023,473
"Morris, Hutchinson and Campbell",E-commerce,France,Series B,17340264,08-05-2017,10
Sanchez Group,Education,Netherlands,Series A,7381276,22-11-2022,452
"Cox, Callahan and Snyder",Gaming,USA,Series B,18442241,15-02-2024,257
"Graham, Williams and Salazar",Health,Netherlands,Series B,27698782,23-08-2023,141
Padilla-Washington,E-commerce,India,Seed,166081,20-11-2017,256
"Brennan, Griffin and Mills",Education,Canada,Series A,1532342,29-07-2016,18
"Vega, Reyes and Davis",Education,USA,Series C,170816977,14-09-2024,178
Baker-Miller,Finance,Canada,IPO,970717874,19-02-2018,392
"Lynch, Bean and Meyers",SaaS,UK,Seed,388390,07-06-2023,430
"Smith, Marquez and Cooper",Finance,UK,Seed,56632,07-11-2018,369
Lopez PLC,Gaming,USA,Seed,185388,25-11-2022,99
Browning Group,Education,France,Series C,107246755,12-11-2023,171
"Brown, Wilson and Briggs",Finance,Netherlands,Seed,126964,04-02-2023,221
Mitchell-Hunter,AI,USA,Series B,13488274,03-11-2021,448
Martinez-Hancock,Health,France,Series A,7169917,31-12-2022,377
"Tyler, Byrd and Carlson",Education,Germany,Series B,46677215,28-08-2024,148
Thompson-Williams,AI,USA,IPO,750911102,22-02-2020,213
Garza Inc,Health,Canada,Series B,43030488,11-04-2017,315
"Thompson, Hudson and Aguilar",Education,Germany,IPO,641962972,02-06-2023,430
Morales-Valdez,Finance,Germany,Series C,129012529,13-09-2021,354
"Escobar, Bryant and Williams",Tech,UK,Seed,350362,13-04-2019,469
Rodriguez-Mitchell,Finance,UK,Series B,44313066,29-02-2020,379
Williams-Lopez,AI,USA,Seed,463076,17-12-2021,440
"Hughes, Miller and Clay",AI,Australia,Series B,17162981,23-08-2024,491
Jennings LLC,SaaS,USA,Series A,3491477,26-07-2018,212
Crawford-Dickson,Tech,Canada,IPO,767682556,12-08-2023,331
"Martin, Mccoy and Benitez",Gaming,USA,Seed,283281,09-04-2017,339
"Benson, Roberts and Fleming",Health,France,IPO,303382749,03-11-2017,53
Young Group,E-commerce,India,Series A,2190045,11-11-2018,96
Riley PLC,Education,UK,Series A,7780645,14-01-2023,498
Evans Group,Gaming,Australia,Series B,22350237,17-07-2018,252
"Palmer, Williams and Figueroa",AI,UK,Series C,59463775,29-04-2025,289
"Hicks, Brown and Bell",Finance,Canada,Series C,128051523,27-07-2017,475
Morris-Travis,Finance,Canada,Series C,71486450,12-09-2017,363
"Johnson, Lawson and Goodwin",Health,France,IPO,362063712,22-09-2024,468
"Baker, Allen and Henderson",Health,India,Series C,146663475,22-10-2023,247
"Mccoy, Andrade and Barajas",Finance,UK,IPO,279625395,08-11-2016,179
Rivera-Cobb,Education,UK,Series B,24616453,07-11-2023,386
Serrano-Bowman,Finance,UK,Seed,256474,03-09-2022,187
Rojas PLC,Gaming,USA,Seed,63841,07-09-2018,361
"Saunders, Holden and Walker",Finance,Australia,Seed,144217,20-09-2019,158
Hess Group,AI,Germany,IPO,603348978,25-04-2025,160
Fernandez PLC,Finance,Germany,Series B,20905538,14-03-2023,77
Anderson and Sons,AI,India,Series A,3075790,12-06-2017,317
"Byrd, Torres and Mcbride",SaaS,USA,Series A,4716972,24-10-2022,394
Vasquez LLC,Finance,France,Seed,401965,21-03-2019,210
Reynolds-Wilson,Tech,India,Seed,171646,18-08-2017,248
Cook LLC,SaaS,Canada,Seed,472426,20-12-2025,204
"Castillo, Adams and Barr",AI,Canada,IPO,355265117,22-10-2023,280
Tucker Group,Education,Australia,Series A,7747762,30-11-2018,337
Martinez Group,Gaming,Netherlands,Series C,127662066,08-10-2025,361
"Daniel, Keller and Mcdonald",E-commerce,Canada,Series A,5191737,10-03-2017,25
Jones LLC,Education,Canada,Series C,188170828,19-12-2017,443
Kelley-Smith,SaaS,USA,Series C,173476247,11-05-2025,486
Munoz and Sons,E-commerce,France,Series C,62302647,18-08-2024,153
Martinez LLC,Gaming,India,Seed,343057,10-02-2019,90
Barnes Ltd,Education,France,Series A,9277082,22-11-2025,270
Gamble-Landry,Tech,France,IPO,916433810,06-02-2019,47
"Bartlett, Harris and Taylor",Education,USA,Series A,2833994,17-02-2022,102
Zhang Ltd,Gaming,Australia,Seed,55399,20-06-2022,472
Robles and Sons,Education,Germany,Series C,171152703,01-12-2024,97
Casey and Sons,SaaS,Australia,Series C,69334443,12-07-2022,109
"Benton, Martinez and Morse",Gaming,Australia,Series B,23241081,29-10-2025,252
Miller-Morris,Tech,Netherlands,Series B,19377043,18-06-2024,266
Spencer Inc,Finance,Australia,Series A,5697791,09-04-2023,358
"Johnson, Cross and Livingston",Gaming,India,Series C,194231325,21-06-2018,23
Hooper-Montes,E-commerce,USA,Seed,185916,15-11-2022,189
Fields-Young,E-commerce,Germany,Seed,329208,25-06-2019,223
"Chase, Wagner and Bush",Gaming,Canada,Series B,13755620,22-01-2019,439
"Fields, Rodriguez and Farrell",Tech,UK,Series C,114079191,20-02-2016,202
Gentry PLC,Tech,UK,Seed,366849,16-02-2021,382
Madden-Evans,Tech,UK,Series A,9136975,22-03-2025,474
Contreras-Franklin,Education,USA,Series A,5414268,28-12-2022,163
Frost-Douglas,Tech,USA,Series B,44214541,15-10-2020,401
Reid-Bartlett,Finance,Netherlands,Series A,9322472,09-04-2020,247
Mcgee Inc,Tech,Australia,IPO,550154199,21-11-2018,311
Thomas-Richards,Finance,Australia,IPO,904270447,01-04-2023,89
Miller-Sanders,AI,India,Series B,39486783,16-06-2018,163
Clayton-Garner,Gaming,UK,Seed,292641,22-08-2021,123
"Gomez, Owens and Hunter",Education,India,Series C,176859311,18-12-2023,191
Buchanan-Mckinney,SaaS,USA,IPO,431978610,31-10-2022,90
Miranda-Wells,SaaS,France,Series C,163123952,25-06-2020,362
"King, Ward and Peterson",Tech,Germany,Seed,300710,31-07-2019,239
"Moyer, Bryant and Hicks",Education,Netherlands,Series B,30277970,01-08-2021,80
Kelly and Sons,Health,Australia,Series B,35171145,01-11-2016,379
Rogers-Daniels,AI,Germany,Series B,36614866,30-06-2016,125
Nelson-Faulkner,Education,Australia,Series B,23981011,05-09-2024,40
Blanchard Ltd,Gaming,UK,Series B,22016941,20-10-2022,256
Patel Inc,Finance,Australia,IPO,283421751,10-07-2017,494
"Becker, Washington and Casey",Health,UK,IPO,614688921,22-02-2017,41
"Hurley, Franklin and Jackson",Gaming,Netherlands,Series A,5916620,27-08-2020,271
"Phillips, Martinez and Turner",SaaS,Canada,Seed,363215,29-04-2024,375
Brown-Williams,Education,Australia,Seed,458575,08-09-2016,219
"Guerra, Carter and Turner",Finance,Canada,Series A,7799325,14-01-2023,95
White Group,Gaming,France,Series B,32038765,21-10-2020,47
Short and Sons,E-commerce,France,Series B,38167424,03-06-2017,446
Williamson Ltd,Education,Germany,Series C,110221638,26-02-2021,206
Taylor Inc,E-commerce,Australia,Series B,21734249,10-09-2025,215
Alexander and Sons,Health,Australia,Series B,12707909,14-05-2025,348
Hill-Johnson,Finance,Germany,Seed,450768,23-01-2017,464
"Bell, Rodgers and Rose",Education,USA,Series A,7822700,07-02-2022,473
"Jordan, Harding and Ramsey",Finance,UK,Series B,10055361,23-09-2025,113
Barr LLC,Tech,France,IPO,791650908,10-09-2023,362
Villarreal Inc,SaaS,Canada,Seed,483166,16-03-2020,291
Davis-Porter,SaaS,Canada,Series A,3314434,20-09-2025,178
Jensen-Anderson,Tech,Canada,IPO,917431802,27-02-2023,362
Stark Group,Education,Netherlands,Series A,6453831,11-02-2021,193
"Williamson, Santiago and Newton",E-commerce,Australia,Series B,19624481,19-07-2017,308
"Foster, Smith and Brown",E-commerce,Canada,Series B,45370088,20-12-2017,24
Horne-Montes,Education,USA,Series A,8151613,20-05-2018,270
Washington-Hampton,Health,UK,Series A,9349436,12-08-2017,239
Ramirez-Phillips,Tech,UK,Series A,8695567,28-07-2018,462
Graves-Robinson,Finance,UK,Seed,453249,06-01-2025,370
Burton LLC,Finance,France,Seed,233195,06-11-2019,423
Miller PLC,AI,Canada,Series B,24290744,08-11-2017,36
Clark-Hunt,Finance,Australia,Seed,458126,25-06-2018,385
Anderson-Bailey,SaaS,India,Series A,3400905,30-10-2018,241
Holloway PLC,Finance,France,IPO,809688616,15-03-2020,300
Garcia-Palmer,AI,Canada,Series C,126925306,26-02-2023,413
"West, Atkins and Johns",SaaS,France,Series B,12631380,28-03-2023,292
"Spencer, Silva and Zimmerman",Health,UK,IPO,546573249,16-05-2024,14
"Singh, Khan and Wallace",Education,India,Series A,5842123,30-10-2019,209
Rodriguez-Garcia,Finance,France,Series B,46509579,04-12-2020,469
"Dunn, Greene and Reed",AI,Canada,Series C,94894481,02-04-2016,486
Petty-Robinson,Gaming,Netherlands,Series B,30326783,18-07-2019,143
Reyes-Garrett,Education,Netherlands,Series A,3322213,29-12-2020,267
"Cox, Santos and Vasquez",SaaS,Canada,Series B,12717696,12-09-2017,454
"Luna, Higgins and Davidson",AI,Netherlands,Series C,182241269,17-04-2018,362
"Brown, Miller and Walter",Tech,Netherlands,Series B,21230543,16-08-2017,479
Valdez-Rogers,AI,India,Seed,233922,29-12-2016,469
Scott-Berg,Gaming,Germany,IPO,516655091,21-11-2016,490
Adams-Bolton,Finance,India,IPO,804833405,12-02-2017,427
Jones-Carlson,AI,Germany,Seed,50413,23-07-2019,252
Good Group,AI,France,IPO,463817301,20-08-2016,77
Turner Ltd,Tech,France,Series A,4689499,13-04-2024,153
Munoz Ltd,Gaming,Germany,Series A,4504488,21-01-2024,363
Anderson Inc,Tech,USA,IPO,435681244,06-07-2022,258
"Weber, Ochoa and Nunez",E-commerce,Canada,Series A,2352682,19-03-2020,155
"Nelson, Aguirre and Castro",Gaming,India,Series A,4180618,14-09-2021,138
Hawkins Group,AI,Australia,Series A,2357735,23-02-2025,464
Clark PLC,AI,India,Seed,157454,27-04-2016,107
"Hart, Carr and Stout",SaaS,Netherlands,Seed,251112,29-10-2018,461
"Brooks, Gill and Bush",Tech,Canada,Series A,9615263,13-10-2023,180
Barnett LLC,Tech,India,Series A,6703319,27-05-2020,81
"Smith, Rodgers and Nolan",Education,Germany,Series B,48622026,21-01-2016,72
Kelly-Hoffman,AI,Netherlands,Seed,84364,26-10-2021,299
Santos Inc,AI,Canada,Series B,39817084,23-03-2022,13
Collins-Terry,Finance,Canada,Series C,166346992,02-06-2018,484
"Barr, Sullivan and Anderson",Health,UK,Seed,204076,08-04-2017,11
Owens LLC,Gaming,Canada,Series C,107576325,29-07-2018,324
Wheeler-Holmes,AI,USA,Series A,2689908,24-01-2016,105
Campbell-Bell,Gaming,USA,IPO,497615766,19-04-2020,185
Singleton-Coleman,Health,India,Series C,195149581,13-01-2023,187
"Cunningham, Little and Acosta",E-commerce,USA,Series C,168847252,10-05-2020,144
Franco-Smith,Finance,Germany,IPO,360959494,29-07-2023,383
Mcclure PLC,Gaming,France,Series C,193677895,16-01-2018,351
Freeman-Sullivan,SaaS,UK,Seed,368889,25-05-2016,133
Larson Ltd,Finance,Australia,Series A,1892478,16-12-2016,342
Cunningham Inc,SaaS,Canada,IPO,835364997,26-06-2020,171
Pierce-Mclaughlin,E-commerce,USA,IPO,381786242,16-08-2024,120
"Gates, Freeman and Foster",Tech,Canada,IPO,338199696,21-11-2024,302
Meadows and Sons,Tech,France,Series C,115574193,29-05-2025,92
"Perry, Kim and Preston",Tech,UK,Seed,338716,25-09-2018,344
Tran-Thompson,SaaS,India,Series B,18751075,21-04-2023,310
Smith Ltd,Health,USA,Series A,4972829,07-04-2016,276
Gutierrez LLC,Gaming,Australia,Series A,2023602,09-01-2016,373
Mcintyre and Sons,Health,UK,IPO,400496295,10-12-2025,390
"Williams, Smith and Martin",SaaS,Germany,Series C,138204439,03-01-2018,446
Levy Ltd,Education,USA,IPO,658378803,05-08-2023,373
Galvan-Smith,SaaS,Netherlands,Series A,5439828,12-08-2023,259
"Mathis, Williams and Colon",Education,UK,Series B,23616490,06-09-2025,72
"Clark, Walsh and Robertson",Finance,UK,Series C,52035793,01-07-2021,106
"House, Reed and Sanchez",Tech,Australia,Series B,49219809,22-07-2018,218
Larsen LLC,AI,France,Series A,4292307,02-04-2024,160
Park LLC,Health,Canada,Series B,18788682,16-02-2016,325
Schneider-Randolph,Health,India,Series A,1850618,04-07-2016,99
Davis-Garcia,Gaming,Canada,Seed,425245,21-09-2022,265
"Weiss, Pugh and Rodriguez",Finance,UK,Series B,23197292,17-06-2017,491
Mccoy Group,AI,UK,Series C,69356614,15-12-2020,392
"Maxwell, Cruz and Hood",Finance,Canada,Series B,27917236,16-07-2022,278
"Jensen, Brown and Guzman",Gaming,UK,Seed,113125,28-03-2024,181
"Wilkins, Thomas and Garner",Tech,Netherlands,Series A,6198108,24-07-2017,457
Torres LLC,Health,Canada,Seed,310422,12-06-2019,321
"Gordon, Phelps and Thompson",Finance,India,Seed,125229,09-08-2019,275
Ruiz-Moss,SaaS,France,IPO,592775438,10-09-2023,37
Erickson-Schroeder,E-commerce,Germany,Series A,6157525,02-01-2022,310
"Anderson, Sandoval and Gordon",E-commerce,Canada,Series B,38198351,30-03-2025,131
Simmons-Long,Education,Canada,Series B,41932809,21-12-2020,427
Coleman-Huber,Gaming,Australia,Series A,8236015,28-07-2023,37
Bennett LLC,SaaS,India,Series A,8145728,15-09-2016,490
Hall-Watson,AI,Germany,Series B,37425708,04-11-2025,71
Griffin-Cole,AI,UK,Series B,27467224,04-08-2019,190
Swanson LLC,SaaS,Canada,IPO,348250553,18-02-2021,141
King LLC,AI,USA,Series A,8516191,09-10-2017,223
Carter Inc,Gaming,USA,Series A,1857704,02-12-2023,386
Kramer-Cunningham,Gaming,UK,Series C,106463718,20-03-2024,182
Velez Inc,Finance,USA,IPO,525723019,21-06-2019,282
Carlson Group,Gaming,Germany,Series C,152101198,18-03-2016,402
"Livingston, Jackson and Allen",AI,India,Series B,42761223,24-06-2020,126
Aguilar-Harmon,E-commerce,Australia,Seed,454009,04-01-2021,400
"Farrell, Holland and Ford",E-commerce,France,Seed,239609,06-07-2018,392
Tate-Riley,Tech,Australia,Seed,111257,25-12-2019,195
Haas PLC,Tech,France,Seed,458288,14-03-2023,104
Boyle-Murphy,AI,Netherlands,Seed,144747,31-03-2016,197
Gould Inc,Health,Australia,Series B,46572073,18-06-2019,260
Hughes-Hicks,AI,France,Series A,4110924,21-11-2018,143
Marshall-Hammond,E-commerce,USA,IPO,759280705,14-10-2019,121
"White, Lopez and Sandoval",AI,Germany,IPO,788711238,03-07-2023,13
"Watson, Duran and Gutierrez",Tech,Netherlands,Series A,1673510,18-07-2023,195
Howe Ltd,Gaming,USA,IPO,443935695,05-08-2018,299
Fernandez Ltd,E-commerce,India,Seed,422505,06-04-2017,227
"Thompson, Acosta and Fisher",AI,Germany,IPO,728127548,01-03-2018,188
Scott-Hall,SaaS,Netherlands,IPO,589718321,18-08-2019,155
Gilbert LLC,AI,USA,IPO,809765376,29-12-2021,233
"Sherman, Roy and Ward",Health,India,Series A,6023454,16-05-2019,6
Torres-Pierce,Tech,France,Series C,62616672,18-12-2016,458
"Velez, Williams and Weber",AI,Australia,Series C,188202689,16-12-2017,345
Stone Group,Finance,Australia,Series B,34544692,08-06-2017,430
Mcdaniel-Randolph,Gaming,Netherlands,Series B,26705527,26-10-2024,248
"Stewart, Hernandez and Cordova",Education,Australia,Series C,147409249,10-11-2016,136
Lozano Ltd,Gaming,France,Series C,164096124,06-02-2022,340
Williams-Carpenter,Health,France,Series B,28684819,04-10-2018,76
Fitzgerald Ltd,Gaming,Australia,Seed,279408,28-09-2025,410
Clark-Lee,SaaS,India,IPO,629989441,16-07-2024,43
Soto-Johnson,Tech,Canada,Seed,332923,24-11-2025,238
Davis-Hines,Health,Germany,Series A,4972036,30-06-2016,449
Holland-Williams,AI,Canada,IPO,878027416,12-01-2021,141
"Medina, Rodriguez and Salinas",Health,Canada,Series A,3504085,16-04-2024,240
"Richardson, Ortiz and Reese",Gaming,Netherlands,Seed,372901,18-04-2025,224
"Ramirez, Curtis and Harrison",Tech,Canada,Seed,480562,04-11-2018,100
Farrell and Sons,Health,France,Series A,5558083,24-02-2018,434
"Hendrix, Jordan and Gonzalez",SaaS,Germany,Seed,356884,20-12-2019,209
Garcia-Hendricks,Health,Canada,Series C,160718078,08-02-2019,271
Nelson and Sons,Education,USA,Seed,399850,03-08-2023,108
"Townsend, Fisher and Blake",Health,India,IPO,251946502,12-01-2018,401
"Chen, Diaz and Robles",Gaming,Australia,Series B,29715062,02-03-2022,425
Vang-Roberts,SaaS,Germany,Series C,107962385,23-04-2018,354
"Chan, Hamilton and Rivera",Education,Canada,IPO,313602917,15-08-2016,263
Peters PLC,Finance,India,Series C,187789792,04-10-2024,174
Simmons PLC,E-commerce,France,Series B,18650601,25-02-2024,322
Sparks-Greene,Health,Germany,Series C,170345148,04-02-2023,121
Landry-Haynes,Education,Australia,Series B,22724090,22-02-2022,10
Myers-Vang,E-commerce,UK,Seed,363545,24-07-2016,500
Beltran and Sons,Health,UK,IPO,498175968,07-05-2022,24
"Rose, Jones and Russell",Tech,Germany,Seed,250071,22-07-2017,222
Turner-Wilkerson,Finance,France,Series C,96075065,08-09-2022,352
"Hamilton, Miller and Burnett",Finance,Netherlands,Seed,339382,18-01-2021,312
Jensen Group,E-commerce,Canada,Series A,9337533,14-10-2023,299
Mcclure-Williams,AI,France,Series C,165714071,25-06-2020,377
Martin-Freeman,SaaS,France,IPO,293149896,17-06-2018,308
Vargas-Washington,Finance,USA,IPO,600528727,04-06-2024,409
"Dixon, Parker and Roach",Finance,Canada,Series C,131034317,08-12-2016,423
Cook-Weiss,Health,Netherlands,Series B,16241730,05-09-2022,357
Green-Lambert,E-commerce,India,Series C,76641508,04-10-2025,461
"Larson, Booth and Mcfarland",Finance,India,Seed,487952,19-08-2023,75
"Lee, Smith and Wilson",Finance,India,IPO,330985138,16-05-2018,475
Saunders-Davis,Finance,Germany,Series C,196209802,16-12-2022,445
Hodge-Daniel,SaaS,Netherlands,Series C,138173458,07-07-2020,492
"Gomez, White and Marshall",Finance,France,IPO,824683030,05-03-2024,467
Martin-Wells,Tech,USA,Series A,8720731,04-08-2022,332
"Horton, Ayala and Graham",Gaming,Australia,Series B,32556345,31-03-2018,208
Bradley-Guerrero,SaaS,Netherlands,Series B,31485994,09-05-2023,67
Ramirez and Sons,Health,France,Series A,3098247,03-05-2023,28
Palmer Group,SaaS,USA,IPO,409034314,25-10-2023,260
Galvan and Sons,SaaS,Canada,Seed,479029,24-09-2020,325
Lawrence-Graham,Education,Australia,Series A,1288328,21-12-2021,421
Holt-Lawrence,E-commerce,Germany,IPO,463534910,02-03-2024,468
"Fitzpatrick, Hill and Martinez",E-commerce,Germany,Series A,7420334,12-10-2022,481
Lang Ltd,AI,Netherlands,Seed,419383,16-09-2019,419
"Douglas, Kelley and Gonzales",Education,UK,IPO,256110594,10-03-2017,199
"Zavala, Wilson and Berg",SaaS,France,Series A,1419819,08-08-2019,187
"Jackson, Black and Taylor",Gaming,Australia,Series C,61651938,27-08-2016,231
Garcia Ltd,SaaS,Netherlands,Series B,10733495,26-05-2016,88
Harrington PLC,Tech,Germany,Series C,69060882,08-06-2017,156
Hines-Jackson,AI,Australia,Series C,151694905,13-05-2025,55
Miller-Drake,Tech,India,Seed,252781,25-04-2016,286
Martinez-Blackwell,Education,Australia,IPO,870561851,21-11-2019,162
"Saunders, Dominguez and White",Education,Germany,Series C,181269377,21-02-2017,463
"Medina, Mckinney and Quinn",Finance,Australia,Series C,100359379,02-04-2019,204
Roberts-Mann,Finance,Netherlands,Series C,182958266,27-12-2024,274
"Abbott, Stanley and Frazier",Gaming,Germany,IPO,761693854,01-08-2023,71
"Miller, Rowe and Goodman",Education,UK,Series B,31414467,14-12-2025,107
Mccormick-Anderson,SaaS,India,Seed,445839,05-07-2016,385
"Hill, Johnson and Wilson",Finance,Canada,Series A,7418873,08-10-2017,65
Cunningham-Shaw,Gaming,Australia,Series A,9117980,06-01-2020,293
"Santos, Smith and King",Tech,Germany,Series B,12997569,10-11-2018,202
"Jones, Shaffer and Gray",Finance,Canada,Series A,9215771,12-11-2022,220
"Miller, Hinton and Cochran",Education,UK,Seed,126587,07-01-2017,54
"Rivera, Griffin and English",E-commerce,Canada,Series C,51127573,19-07-2025,266
"Dyer, Silva and Graham",AI,Australia,Series B,46437198,12-12-2020,107
King-Greer,Health,France,IPO,728907232,03-02-2020,187
Garcia-Robles,AI,India,Series C,191577418,01-07-2018,148
Beasley-Murphy,E-commerce,Canada,Seed,345687,10-11-2021,417
Olson-Coleman,AI,USA,Series C,127005495,06-02-2024,141
Williams-Frye,AI,Germany,Seed,134995,18-06-2020,294
"Rodriguez, Stuart and Jordan",Education,Germany,Series A,6665600,08-12-2023,280
"Lewis, Flores and Parsons",E-commerce,Germany,Series A,8029008,09-11-2017,239
Long-Brown,Tech,USA,Seed,160242,12-10-2022,432
Sanders Inc,Education,USA,Series B,15930063,11-10-2025,272
Perez-Wilson,Gaming,France,Series B,10599457,30-10-2021,440
Montgomery Ltd,Education,India,Series A,6069708,05-05-2016,15
Sharp Group,SaaS,Canada,Series C,75841785,05-03-2024,79
Wong PLC,Health,Netherlands,Seed,55154,19-01-2017,419
"Smith, Zamora and Watson",Education,France,IPO,423901963,03-10-2019,201
Mccullough Inc,Tech,Netherlands,Series C,89199885,21-02-2022,210
Velez PLC,Education,Netherlands,IPO,433401857,07-06-2022,258
"Kelly, Compton and Bowen",Tech,Australia,Series C,119665952,28-10-2023,472
Morris and Sons,Finance,France,Series C,171154820,19-01-2022,89
Clark-Leon,Gaming,Netherlands,IPO,658877546,21-09-2018,84
Cardenas PLC,E-commerce,USA,Series A,9986395,06-05-2016,251
"Gregory, Lynch and Perkins",E-commerce,UK,Series C,111409106,24-11-2018,328
Drake Ltd,Finance,Netherlands,Seed,448619,27-07-2017,106
"Patel, Jimenez and Morgan",Gaming,Canada,Series B,31359311,15-05-2017,476
Payne LLC,E-commerce,Germany,IPO,218383153,23-05-2017,96
Sullivan and Sons,Education,Germany,IPO,706179332,10-01-2019,98
"Long, Frye and Sanchez",Gaming,Canada,Series C,139998945,15-11-2019,97
Morrison-May,Education,France,Seed,70983,10-08-2020,141
Hardin LLC,Finance,UK,IPO,719824313,11-08-2016,97
"James, Burnett and Jones",E-commerce,USA,Series C,70691614,08-12-2019,388
"Stevens, Johnson and Morrison",Education,India,Series A,8131577,14-03-2018,34
Rodriguez-Nelson,Education,Australia,Series C,144261722,13-09-2016,296
Robinson-Collins,SaaS,Germany,Series C,128808390,01-05-2017,359
Pearson and Sons,Health,USA,Series A,6784954,15-04-2017,340
Kim-Harris,AI,India,Series B,22218240,24-01-2025,439
Cook PLC,SaaS,USA,Seed,71382,22-05-2022,131
Wright-Greene,E-commerce,Netherlands,IPO,766686427,23-05-2016,366
Rodriguez LLC,E-commerce,Netherlands,Series C,183087387,11-11-2021,36
Lin-Young,Health,Canada,Seed,171453,03-03-2025,83
"Bailey, Zhang and Tucker",Education,Canada,Seed,444822,02-04-2025,473
Ortiz and Sons,AI,Netherlands,IPO,229196695,08-03-2024,474
"Moore, Fleming and Baker",Finance,India,Series A,4615540,26-01-2019,17
"Smith, Gibbs and Turner",SaaS,USA,Series C,195798498,02-02-2019,393
"Moore, Jefferson and Smith",AI,Germany,Series B,36879270,15-10-2018,49
Turner-Hoover,Tech,Australia,Series A,5102986,23-03-2016,215
Bryant Inc,Finance,Netherlands,Series A,6572766,04-09-2023,54
Jenkins Group,Education,France,Seed,265326,19-12-2023,420
"Hayes, Flores and Freeman",AI,USA,Series B,10084595,19-10-2017,329
"Flores, David and Berg",Health,Australia,Series B,23628345,15-06-2018,126
"Bridges, Hammond and Aguirre",E-commerce,Netherlands,Series A,3076239,22-04-2018,90
Solis Group,Gaming,India,Series B,32975510,16-09-2016,50
Ochoa-Morton,Gaming,India,Series A,3938769,05-11-2021,455
"Lloyd, Whitney and Richardson",Gaming,UK,Seed,235552,05-12-2017,476
"Gates, Thompson and Mitchell",Tech,USA,Series C,92311789,19-02-2025,128
"Johnson, Harrison and Bush",Finance,Canada,Seed,236852,10-02-2020,99
Frederick-Nicholson,Tech,Australia,Series B,49225476,23-12-2020,176
"Klein, Hatfield and Kennedy",Tech,Netherlands,Series C,70586796,11-10-2024,51
"Jones, Gomez and Brooks",Health,Netherlands,IPO,633650477,03-09-2025,324
"Velazquez, Cooper and Bowers",AI,USA,Series B,16332469,16-11-2016,161
Bradley Ltd,AI,UK,IPO,881183735,19-11-2017,118
Harrison-Taylor,E-commerce,Germany,Series C,78146249,31-05-2020,253
Gardner PLC,AI,Canada,IPO,476945300,27-01-2022,253
"Fernandez, Peters and Williams",Education,Canada,Series A,9516136,04-08-2016,59
"Dudley, Russell and Rodriguez",SaaS,UK,Series C,166628292,25-02-2025,300
"Morgan, Rojas and Miller",Gaming,France,Series A,2055612,15-01-2018,320
"Pope, Pena and Harrell",AI,India,IPO,398470951,07-04-2025,141
Fleming Inc,Tech,Netherlands,IPO,918991903,14-09-2021,106
"Marshall, Camacho and Smith",Gaming,Australia,Series B,30842494,08-02-2020,143
Terry-Pena,Education,Germany,Series A,4526549,12-10-2018,252
Valentine and Sons,Finance,Germany,Series B,48376237,25-01-2017,39
Curtis PLC,Tech,Netherlands,Seed,247775,26-08-2022,73
"Vincent, Beard and Lee",Tech,India,Series B,43018988,17-07-2020,387
Lynch-Mason,AI,Canada,Series C,183340285,30-07-2018,465
Wood-Morris,AI,Netherlands,Series B,38849497,06-04-2016,366
Mcbride LLC,E-commerce,USA,Seed,111327,30-01-2017,30
"Bush, Vaughan and Stokes",Finance,UK,Series B,49166226,06-08-2017,470
Duffy-Lang,Health,India,Series B,14289580,12-03-2024,16
Bentley-Brown,Health,Germany,Seed,386613,29-05-2022,188
Hodge-Barr,AI,India,IPO,474790024,25-12-2017,458
Cherry-Turner,E-commerce,USA,Series B,12338587,03-07-2017,411
"Knox, Rosales and Gonzalez",Tech,UK,Seed,385487,28-06-2025,272
Rodriguez PLC,AI,USA,Series C,182699800,26-08-2024,249
Reed-Williams,AI,Germany,Series A,5243341,06-10-2019,132
"Bennett, Evans and Mathews",Finance,France,Series A,2724388,09-04-2018,137
Lopez Ltd,SaaS,France,Series A,6174747,19-03-2021,97
Koch-Vang,AI,Germany,IPO,478653171,15-08-2023,473
Fisher-Smith,SaaS,USA,Series C,107502138,06-05-2022,67
"Mcbride, Nelson and Abbott",Gaming,USA,Series A,8229575,20-10-2022,174
Haynes-May,SaaS,France,Seed,51433,22-06-2024,443
Wheeler PLC,AI,Canada,Series C,111222206,10-07-2019,320
Barker LLC,Health,Netherlands,Series A,5779861,06-11-2023,137
Ramos Ltd,Education,Netherlands,Series C,124062121,16-02-2019,38
Fleming-Wright,Health,Netherlands,Series C,56346975,31-03-2019,53
Duncan Inc,Gaming,USA,Series A,8132554,20-03-2016,364
"Arias, Sherman and Silva",SaaS,Netherlands,IPO,227529933,04-08-2019,463
Dyer PLC,Finance,UK,Series B,18363775,05-10-2021,136
"Harris, Miller and Bailey",Finance,Canada,Series A,7837950,07-05-2017,233
"Martin, Lee and Whitney",Tech,France,Series A,8597711,08-10-2019,399
"Cox, Foster and Owen",SaaS,USA,Series B,11455047,09-08-2024,268
Thomas-Jones,Tech,UK,Seed,72447,26-11-2021,151
Howell-Cole,Tech,Canada,Seed,337988,24-12-2025,45
"Gibson, Edwards and Henry",E-commerce,India,Series C,85866174,12-12-2016,119
Hawkins-Perez,Gaming,Australia,Series B,19546890,20-03-2017,127
Mills Inc,Gaming,USA,Seed,396730,11-09-2022,41
"Evans, Smith and Zavala",Finance,UK,Series A,6032302,30-10-2018,146
Chavez Group,Education,UK,Series A,3054021,23-01-2018,384
Martinez-Ortiz,Gaming,Canada,Seed,282222,27-06-2017,325
Jones-Williams,Education,UK,Series A,9957628,18-09-2023,183
Moore Group,E-commerce,UK,Series A,3937991,13-06-2020,304
Snyder PLC,E-commerce,USA,Series C,61486888,22-08-2017,425
"Mccullough, Garrett and Bailey",SaaS,Australia,Series A,9707174,23-01-2024,180
Mueller-Chambers,E-commerce,Canada,Series B,11286801,16-04-2025,64
Martin-Terry,Tech,Australia,Series C,183783420,25-10-2024,152
Huff-Smith,E-commerce,UK,Series A,8023948,09-07-2016,299
"Robinson, Hayes and Marsh",Gaming,Netherlands,Series B,35889199,14-03-2025,21
"Wilson, Ellis and Kelly",Finance,France,Series A,3026561,03-03-2021,424
"Morales, Moreno and Cox",Gaming,France,Seed,297289,20-01-2016,159
"Thompson, Trevino and Cooper",E-commerce,France,Series C,125965722,11-08-2016,238
Mccullough-Mckee,Gaming,Canada,Series B,24544784,18-05-2017,8
"Clark, Evans and Kaiser",Education,Netherlands,Seed,211618,26-04-2022,362
Walsh LLC,Gaming,Australia,Series C,55900741,22-12-2016,293
Reed-Russo,SaaS,Canada,Series C,120375449,08-09-2018,117
Rodgers Inc,AI,Canada,Series B,43273444,01-11-2017,257
Medina Inc,Finance,UK,Series B,30813032,25-01-2024,345
